ticker,date,avg_sentiment,article_count,close_price,volume,3d_avg,10d_avg,30d_avg,60d_avg,90d_avg
AAPL,2026-04-18,0.0761,100,,,0.0761,0.0761,0.0761,0.0761,0.0761
AAPL,2026-04-19,0.0586,100,,,0.06735,0.06735,0.06735,0.06735,0.06735
AAPL,2026-04-20,0.0577,100,273.04998779296875,36590200.0,0.06413333333333333,0.06413333333333333,0.06413333333333333,0.06413333333333333,0.06413333333333333
AAPL,2026-04-21,0.0819,102,266.1700134277344,50209800.0,0.06606666666666666,0.068575,0.068575,0.068575,0.068575
AAPL,2026-04-22,0.0883,102,273.1700134277344,43249200.0,0.07596666666666667,0.07252,0.07252,0.07252,0.07252
AAPL,2026-04-23,0.0668,100,273.42999267578125,33399600.0,0.079,0.07156666666666667,0.07156666666666667,0.07156666666666667,0.07156666666666667
AAPL,2026-04-23,0.0534,100,273.42999267578125,33399600.0,0.0695,0.06897142857142857,0.06897142857142857,0.06897142857142857,0.06897142857142857
AAPL,2026-04-23,0.069,100,273.42999267578125,33399600.0,0.06306666666666667,0.06897500000000001,0.06897500000000001,0.06897500000000001,0.06897500000000001
AAPL,2026-04-23,0.0522,100,273.42999267578125,33399600.0,0.0582,0.06711111111111111,0.06711111111111111,0.06711111111111111,0.06711111111111111
AAPL,2026-04-23,0.069,100,273.42999267578125,33399600.0,0.0634,0.0673,0.0673,0.0673,0.0673
AAPL,2026-04-23,0.0534,100,273.42999267578125,33399600.0,0.0582,0.06503,0.06603636363636364,0.06603636363636364,0.06603636363636364
AAPL,2026-04-24,0.0516,102,271.05999755859375,38157100.0,0.058,0.06433,0.06483333333333334,0.06483333333333334,0.06483333333333334
AAPL,2026-04-25,0.0284,100,271.05999755859375,,0.044466666666666675,0.061399999999999996,0.06203076923076923,0.06203076923076923,0.06203076923076923
AAPL,2026-04-26,0.0442,100,271.05999755859375,,0.0414,0.05763,0.06075714285714286,0.06075714285714286,0.06075714285714286
AAPL,2026-04-27,0.0182,100,267.6099853515625,41466800.0,0.030266666666666664,0.05062,0.05792,0.05792,0.05792
AAPL,2026-04-28,0.0203,100,270.7099914550781,40018900.0,0.027566666666666666,0.04597,0.05556875,0.05556875,0.05556875
AAPL,2026-04-29,-0.0133,100,270.1700134277344,24117049.0,0.0084,0.0393,0.05151764705882353,0.05151764705882353,0.05151764705882353
AAPL,2026-04-30,0.0374,100,270.1700134277344,,0.0148,0.03614,0.05073333333333333,0.05073333333333333,0.05073333333333333
ABBV,2026-04-20,0.0533,100,203.7100067138672,5774300.0,0.0533,0.0533,0.0533,0.0533,0.0533
ABBV,2026-04-21,0.0344,100,205.1199951171875,7772100.0,0.04385,0.04385,0.04385,0.04385,0.04385
ABBV,2026-04-22,0.0361,100,200.5,7646200.0,0.04126666666666667,0.04126666666666667,0.04126666666666667,0.04126666666666667,0.04126666666666667
ABBV,2026-04-23,0.065,100,200.9499969482422,7461100.0,0.04516666666666667,0.0472,0.0472,0.0472,0.0472
ABBV,2026-04-23,0.0464,100,200.9499969482422,7461100.0,0.049166666666666664,0.04704,0.04704,0.04704,0.04704
ABBV,2026-04-23,0.0523,100,200.9499969482422,7461100.0,0.05456666666666667,0.04791666666666666,0.04791666666666666,0.04791666666666666,0.04791666666666666
ABBV,2026-04-23,0.0531,100,200.9499969482422,7461100.0,0.0506,0.04865714285714286,0.04865714285714286,0.04865714285714286,0.04865714285714286
ABBV,2026-04-23,0.0531,100,200.9499969482422,7461100.0,0.052833333333333336,0.0492125,0.0492125,0.0492125,0.0492125
ABBV,2026-04-23,0.0531,100,200.9499969482422,7461100.0,0.0531,0.04964444444444444,0.04964444444444444,0.04964444444444444,0.04964444444444444
ABBV,2026-04-24,0.0481,100,198.7100067138672,7605800.0,0.05143333333333333,0.04949,0.04949,0.04949,0.04949
ABBV,2026-04-25,0.0419,100,198.7100067138672,,0.0477,0.04835,0.048799999999999996,0.048799999999999996,0.048799999999999996
ABBV,2026-04-26,0.0539,100,198.7100067138672,,0.047966666666666664,0.0503,0.049225,0.049225,0.049225
ABBV,2026-04-27,0.0385,100,197.3800048828125,7467600.0,0.04476666666666667,0.050539999999999995,0.0484,0.0484,0.0484
ABBV,2026-04-28,0.0364,100,197.69000244140625,6313100.0,0.042933333333333344,0.04768,0.047542857142857144,0.047542857142857144,0.047542857142857144
ABBV,2026-04-29,0.0519,100,203.88999938964844,10397303.0,0.042266666666666675,0.04823000000000001,0.04783333333333333,0.04783333333333333,0.04783333333333333
ABBV,2026-04-30,0.0369,100,203.88999938964844,,0.04173333333333334,0.04669,0.04715,0.04715,0.04715
AMAT,2026-04-20,0.1126,100,391.6199951171875,3747500.0,0.1126,0.1126,0.1126,0.1126,0.1126
AMAT,2026-04-21,0.1014,100,394.3299865722656,5414900.0,0.10700000000000001,0.10700000000000001,0.10700000000000001,0.10700000000000001,0.10700000000000001
AMAT,2026-04-22,0.1023,100,403.4800109863281,5268100.0,0.10543333333333334,0.10543333333333334,0.10543333333333334,0.10543333333333334,0.10543333333333334
AMAT,2026-04-23,0.0809,100,403.9100036621094,4420800.0,0.09486666666666667,0.0993,0.0993,0.0993,0.0993
AMAT,2026-04-23,0.0862,100,403.9100036621094,4420800.0,0.0898,0.09668,0.09668,0.09668,0.09668
AMAT,2026-04-23,0.0748,100,403.9100036621094,4420800.0,0.08063333333333333,0.09303333333333334,0.09303333333333334,0.09303333333333334,0.09303333333333334
AMAT,2026-04-23,0.0862,100,403.9100036621094,4420800.0,0.08239999999999999,0.09205714285714285,0.09205714285714285,0.09205714285714285,0.09205714285714285
AMAT,2026-04-23,0.0748,100,403.9100036621094,4420800.0,0.0786,0.08990000000000001,0.08990000000000001,0.08990000000000001,0.08990000000000001
AMAT,2026-04-23,0.0862,100,403.9100036621094,4420800.0,0.08240000000000001,0.0894888888888889,0.0894888888888889,0.0894888888888889,0.0894888888888889
AMAT,2026-04-24,0.0799,100,417.0400085449219,6159600.0,0.0803,0.08853,0.08853,0.08853,0.08853
AMAT,2026-04-25,0.0924,100,417.0400085449219,,0.08616666666666666,0.08651,0.08888181818181819,0.08888181818181819,0.08888181818181819
AMAT,2026-04-26,0.0961,100,417.0400085449219,,0.08946666666666665,0.08598,0.08948333333333335,0.08948333333333335,0.08948333333333335
AMAT,2026-04-27,0.1033,100,404.8599853515625,5663400.0,0.09726666666666667,0.08608,0.09054615384615385,0.09054615384615385,0.09054615384615385
AMAT,2026-04-28,0.1163,100,381.1099853515625,10396200.0,0.10523333333333333,0.08962,0.0923857142857143,0.0923857142857143,0.0923857142857143
AMAT,2026-04-29,0.1051,100,382.5899963378906,4997676.0,0.10823333333333333,0.09151000000000001,0.09323333333333333,0.09323333333333333,0.09323333333333333
AMAT,2026-04-30,0.1157,100,382.5899963378906,,0.11236666666666666,0.09559999999999999,0.0946375,0.0946375,0.0946375
AMD,2026-04-20,0.1447,100,274.95001220703125,34833900.0,0.1447,0.1447,0.1447,0.1447,0.1447
AMD,2026-04-21,0.0777,100,284.489990234375,38950900.0,0.1112,0.1112,0.1112,0.1112,0.1112
AMD,2026-04-22,0.0669,100,303.4599914550781,49054200.0,0.09643333333333333,0.09643333333333333,0.09643333333333333,0.09643333333333333,0.09643333333333333
AMD,2026-04-23,0.0855,92,305.3299865722656,45619700.0,0.0767,0.0937,0.0937,0.0937,0.0937
AMD,2026-04-23,0.0543,92,305.3299865722656,45619700.0,0.0689,0.08582000000000001,0.08582000000000001,0.08582000000000001,0.08582000000000001
AMD,2026-04-23,0.0682,92,305.3299865722656,45619700.0,0.06933333333333334,0.08288333333333334,0.08288333333333334,0.08288333333333334,0.08288333333333334
AMD,2026-04-23,0.0799,92,305.3299865722656,45619700.0,0.06746666666666666,0.08245714285714287,0.08245714285714287,0.08245714285714287,0.08245714285714287
AMD,2026-04-23,0.0682,92,305.3299865722656,45619700.0,0.0721,0.080675,0.080675,0.080675,0.080675
AMD,2026-04-23,0.0772,92,305.3299865722656,45619700.0,0.0751,0.0802888888888889,0.0802888888888889,0.0802888888888889,0.0802888888888889
AMD,2026-04-24,0.0808,92,347.80999755859375,81616700.0,0.07540000000000001,0.08034,0.08034,0.08034,0.08034
AMD,2026-04-25,0.0955,92,347.80999755859375,,0.0845,0.07542000000000001,0.08171818181818181,0.08171818181818181,0.08171818181818181
AMD,2026-04-26,0.1045,92,347.80999755859375,,0.0936,0.07809999999999999,0.08361666666666667,0.08361666666666667,0.08361666666666667
AMD,2026-04-27,0.1152,92,334.6300048828125,50585300.0,0.10506666666666668,0.08293,0.08604615384615386,0.08604615384615386,0.08604615384615386
AMD,2026-04-28,0.0919,100,323.2099914550781,43002500.0,0.10386666666666666,0.08357,0.0864642857142857,0.0864642857142857,0.0864642857142857
AMD,2026-04-29,0.0733,100,337.1099853515625,43242149.0,0.09346666666666666,0.08547,0.08558666666666667,0.08558666666666667,0.08558666666666667
AMD,2026-04-30,0.0848,100,337.1099853515625,,0.08333333333333333,0.08713000000000001,0.0855375,0.0855375,0.0855375
AMZN,2026-04-20,0.2387,100,248.27999877929688,39463100.0,0.2387,0.2387,0.2387,0.2387,0.2387
AMZN,2026-04-21,0.2074,100,249.91000366210938,42922400.0,0.22305,0.22305,0.22305,0.22305,0.22305
AMZN,2026-04-22,0.2446,102,255.36000061035156,36065100.0,0.23023333333333332,0.23023333333333332,0.23023333333333332,0.23023333333333332,0.23023333333333332
AMZN,2026-04-23,0.2314,100,255.0800018310547,39091400.0,0.2278,0.230525,0.230525,0.230525,0.230525
AMZN,2026-04-23,0.2301,102,255.0800018310547,39091400.0,0.23536666666666664,0.23044000000000003,0.23044000000000003,0.23044000000000003,0.23044000000000003
AMZN,2026-04-23,0.2173,102,255.0800018310547,39091400.0,0.22626666666666664,0.22824999999999998,0.22824999999999998,0.22824999999999998,0.22824999999999998
AMZN,2026-04-23,0.2423,102,255.0800018310547,39091400.0,0.2299,0.23025714285714285,0.23025714285714285,0.23025714285714285,0.23025714285714285
AMZN,2026-04-23,0.2358,102,255.0800018310547,39091400.0,0.2318,0.23095,0.23095,0.23095,0.23095
AMZN,2026-04-23,0.2163,102,255.0800018310547,39091400.0,0.23146666666666668,0.2293222222222222,0.2293222222222222,0.2293222222222222,0.2293222222222222
AMZN,2026-04-24,0.2394,102,263.989990234375,53777400.0,0.2305,0.23033,0.23033,0.23033,0.23033
AMZN,2026-04-25,0.1918,102,263.989990234375,,0.21583333333333332,0.22563999999999998,0.2268272727272727,0.2268272727272727,0.2268272727272727
AMZN,2026-04-26,0.1969,102,263.989990234375,,0.20936666666666667,0.22459,0.22433333333333336,0.22433333333333336,0.22433333333333336
AMZN,2026-04-27,0.1553,100,261.1199951171875,44906800.0,0.18133333333333335,0.21566000000000002,0.21902307692307693,0.21902307692307693,0.21902307692307693
AMZN,2026-04-28,0.1935,100,259.70001220703125,42204400.0,0.18189999999999998,0.21187,0.2172,0.2172,0.2172
AMZN,2026-04-29,0.1711,100,263.0400085449219,56731766.0,0.1733,0.20597,0.21412666666666666,0.21412666666666666,0.21412666666666666
AMZN,2026-04-30,0.23,92,263.0400085449219,,0.19820000000000002,0.20724,0.21511875,0.21511875,0.21511875
AVGO,2026-04-20,0.1069,100,399.6300048828125,16922000.0,0.1069,0.1069,0.1069,0.1069,0.1069
AVGO,2026-04-21,0.0798,100,402.1700134277344,16275500.0,0.09334999999999999,0.09334999999999999,0.09334999999999999,0.09334999999999999,0.09334999999999999
AVGO,2026-04-22,0.0691,100,422.6499938964844,23702500.0,0.08526666666666666,0.08526666666666666,0.08526666666666666,0.08526666666666666,0.08526666666666666
AVGO,2026-04-23,0.0962,100,419.94000244140625,19501600.0,0.0817,0.088,0.088,0.088,0.088
AVGO,2026-04-23,0.0791,100,419.94000244140625,19501600.0,0.08146666666666667,0.08621999999999999,0.08621999999999999,0.08621999999999999,0.08621999999999999
AVGO,2026-04-23,0.0791,100,419.94000244140625,19501600.0,0.0848,0.08503333333333334,0.08503333333333334,0.08503333333333334,0.08503333333333334
AVGO,2026-04-23,0.0791,100,419.94000244140625,19501600.0,0.0791,0.08418571428571428,0.08418571428571428,0.08418571428571428,0.08418571428571428
AVGO,2026-04-23,0.0791,100,419.94000244140625,19501600.0,0.0791,0.08355,0.08355,0.08355,0.08355
AVGO,2026-04-23,0.0955,100,419.94000244140625,19501600.0,0.08456666666666668,0.08487777777777777,0.08487777777777777,0.08487777777777777,0.08487777777777777
AVGO,2026-04-24,0.1183,100,422.760009765625,22491100.0,0.09763333333333334,0.08821999999999999,0.08821999999999999,0.08821999999999999,0.08821999999999999
AVGO,2026-04-25,0.0854,100,422.760009765625,,0.09973333333333334,0.08607000000000001,0.08796363636363637,0.08796363636363637,0.08796363636363637
AVGO,2026-04-26,0.1027,100,422.760009765625,,0.10213333333333334,0.08836000000000001,0.08919166666666667,0.08919166666666667,0.08919166666666667
AVGO,2026-04-27,0.1124,100,418.20001220703125,17451600.0,0.10016666666666667,0.09269,0.09097692307692308,0.09097692307692308,0.09097692307692308
AVGO,2026-04-28,0.0726,100,399.8299865722656,25519200.0,0.0959,0.09033,0.08966428571428572,0.08966428571428572,0.08966428571428572
AVGO,2026-04-29,0.0737,100,405.45001220703125,11566937.0,0.08623333333333333,0.08979000000000001,0.0886,0.0886,0.0886
AVGO,2026-04-30,0.1255,100,405.45001220703125,,0.0906,0.09443,0.09090625,0.09090625,0.09090625
BAC,2026-04-20,0.0996,100,53.95000076293945,43999200.0,0.0996,0.0996,0.0996,0.0996,0.0996
BAC,2026-04-21,0.0719,100,53.47999954223633,34266300.0,0.08574999999999999,0.08574999999999999,0.08574999999999999,0.08574999999999999,0.08574999999999999
BAC,2026-04-22,0.0844,100,53.119998931884766,24097600.0,0.0853,0.0853,0.0853,0.0853,0.0853
BAC,2026-04-23,0.0804,100,52.470001220703125,31956300.0,0.07890000000000001,0.084075,0.084075,0.084075,0.084075
BAC,2026-04-23,0.1062,100,52.470001220703125,31956300.0,0.09033333333333333,0.0885,0.0885,0.0885,0.0885
BAC,2026-04-23,0.1,100,52.470001220703125,31956300.0,0.09553333333333335,0.09041666666666666,0.09041666666666666,0.09041666666666666,0.09041666666666666
BAC,2026-04-23,0.0778,100,52.470001220703125,31956300.0,0.09466666666666666,0.08861428571428571,0.08861428571428571,0.08861428571428571,0.08861428571428571
BAC,2026-04-23,0.0846,100,52.470001220703125,31956300.0,0.08746666666666665,0.0881125,0.0881125,0.0881125,0.0881125
BAC,2026-04-23,0.0778,100,52.470001220703125,31956300.0,0.08006666666666666,0.08696666666666666,0.08696666666666666,0.08696666666666666,0.08696666666666666
BAC,2026-04-24,0.108,100,52.04999923706055,30265400.0,0.09013333333333333,0.08907000000000001,0.08907000000000001,0.08907000000000001,0.08907000000000001
BAC,2026-04-25,0.0983,100,52.04999923706055,,0.0947,0.08893999999999999,0.08990909090909091,0.08990909090909091,0.08990909090909091
BAC,2026-04-26,0.0755,100,52.04999923706055,,0.09393333333333333,0.0893,0.08870833333333333,0.08870833333333333,0.08870833333333333
BAC,2026-04-27,0.0935,100,52.630001068115234,28043700.0,0.0891,0.09021,0.08907692307692307,0.08907692307692307,0.08907692307692307
BAC,2026-04-28,0.0947,100,52.65999984741211,21164100.0,0.08789999999999999,0.09164,0.08947857142857142,0.08947857142857142,0.08947857142857142
BAC,2026-04-29,0.1009,100,52.880001068115234,26220071.0,0.09636666666666667,0.09111,0.09024,0.09024,0.09024
BAC,2026-04-30,0.1018,100,52.880001068115234,,0.09913333333333334,0.09129000000000001,0.0909625,0.0909625,0.0909625
BRK-B,2026-04-23,0.1167,100,470.54998779296875,4749100.0,0.1167,0.1167,0.1167,0.1167,0.1167
BRK-B,2026-04-23,0.1066,100,470.54998779296875,4749100.0,0.11165,0.11165,0.11165,0.11165,0.11165
BRK-B,2026-04-24,0.1201,100,469.32000732421875,3857000.0,0.11446666666666666,0.11446666666666666,0.11446666666666666,0.11446666666666666,0.11446666666666666
BRK-B,2026-04-25,0.0841,100,469.32000732421875,,0.10359999999999998,0.106875,0.106875,0.106875,0.106875
BRK-B,2026-04-26,0.123,100,469.32000732421875,,0.10906666666666666,0.1101,0.1101,0.1101,0.1101
BRK-B,2026-04-27,0.1442,100,472.80999755859375,4888000.0,0.1171,0.11578333333333334,0.11578333333333334,0.11578333333333334,0.11578333333333334
BRK-B,2026-04-28,0.1351,100,478.1600036621094,4902400.0,0.1341,0.11854285714285714,0.11854285714285714,0.11854285714285714,0.11854285714285714
BRK-B,2026-04-29,0.1331,100,475.3800048828125,3135465.0,0.13746666666666665,0.1203625,0.1203625,0.1203625,0.1203625
BRK-B,2026-04-30,0.1612,100,475.3800048828125,,0.14313333333333333,0.12489999999999998,0.12489999999999998,0.12489999999999998,0.12489999999999998
BRK.B,2026-04-20,0.1498,100,,,0.1498,0.1498,0.1498,0.1498,0.1498
BRK.B,2026-04-21,0.1516,100,,,0.1507,0.1507,0.1507,0.1507,0.1507
BRK.B,2026-04-22,0.1453,100,,,0.1489,0.1489,0.1489,0.1489,0.1489
BRK.B,2026-04-23,0.1206,100,,,0.1391666666666667,0.141825,0.141825,0.141825,0.141825
BRK.B,2026-04-23,0.1382,100,,,0.13470000000000001,0.1411,0.1411,0.1411,0.1411
BRK.B,2026-04-23,0.0722,100,,,0.11033333333333334,0.12961666666666669,0.12961666666666669,0.12961666666666669,0.12961666666666669
BRK.B,2026-04-23,0.1306,100,,,0.11366666666666665,0.12975714285714285,0.12975714285714285,0.12975714285714285,0.12975714285714285
CAT,2026-04-20,0.0605,100,798.4000244140625,1454100.0,0.0605,0.0605,0.0605,0.0605,0.0605
CAT,2026-04-21,0.0547,100,800.4500122070312,2293500.0,0.0576,0.0576,0.0576,0.0576,0.0576
CAT,2026-04-22,0.074,100,808.8699951171875,1628400.0,0.06306666666666666,0.06306666666666666,0.06306666666666666,0.06306666666666666,0.06306666666666666
CAT,2026-04-23,0.0582,100,835.239990234375,2601800.0,0.0623,0.06185,0.06185,0.06185,0.06185
CAT,2026-04-23,0.0317,100,835.239990234375,2601800.0,0.05463333333333333,0.05582,0.05582,0.05582,0.05582
CAT,2026-04-23,0.0279,100,835.239990234375,2601800.0,0.039266666666666665,0.051166666666666666,0.051166666666666666,0.051166666666666666,0.051166666666666666
CAT,2026-04-23,0.0317,100,835.239990234375,2601800.0,0.03043333333333333,0.04838571428571429,0.04838571428571429,0.04838571428571429,0.04838571428571429
CAT,2026-04-23,0.0279,100,835.239990234375,2601800.0,0.029166666666666664,0.045825,0.045825,0.045825,0.045825
CAT,2026-04-23,0.0317,100,835.239990234375,2601800.0,0.03043333333333333,0.044255555555555555,0.044255555555555555,0.044255555555555555,0.044255555555555555
CAT,2026-04-24,0.0376,100,830.7899780273438,2253900.0,0.032400000000000005,0.043590000000000004,0.043590000000000004,0.043590000000000004,0.043590000000000004
CAT,2026-04-25,0.027,100,830.7899780273438,,0.0321,0.04024,0.04208181818181818,0.04208181818181818,0.04208181818181818
CAT,2026-04-26,0.0396,100,830.7899780273438,,0.03473333333333333,0.03873,0.041874999999999996,0.041874999999999996,0.041874999999999996
CAT,2026-04-27,0.0363,100,828.7899780273438,1986700.0,0.0343,0.034960000000000005,0.04144615384615384,0.04144615384615384,0.04144615384615384
CAT,2026-04-28,0.0416,100,817.8699951171875,1875600.0,0.03916666666666666,0.033299999999999996,0.04145714285714286,0.04145714285714286,0.04145714285714286
CAT,2026-04-29,0.0558,100,810.0499877929688,2253514.0,0.044566666666666664,0.03571,0.04241333333333333,0.04241333333333333,0.04241333333333333
CAT,2026-04-30,0.0351,100,810.0499877929688,,0.04416666666666667,0.036430000000000004,0.04195625,0.04195625,0.04195625
COST,2026-04-20,0.1797,100,997.8400268554688,1475400.0,0.1797,0.1797,0.1797,0.1797,0.1797
COST,2026-04-21,0.1284,100,1005.8099975585938,1367100.0,0.15405,0.15405,0.15405,0.15405,0.15405
COST,2026-04-22,0.1005,100,1003.7000122070312,1215200.0,0.1362,0.1362,0.1362,0.1362,0.1362
COST,2026-04-23,0.1017,100,1014.3800048828125,1570700.0,0.1102,0.127575,0.127575,0.127575,0.127575
COST,2026-04-23,0.1183,100,1014.3800048828125,1570700.0,0.10683333333333334,0.12572,0.12572,0.12572,0.12572
COST,2026-04-23,0.1183,100,1014.3800048828125,1570700.0,0.11276666666666667,0.12448333333333333,0.12448333333333333,0.12448333333333333,0.12448333333333333
COST,2026-04-23,0.112,100,1014.3800048828125,1570700.0,0.11620000000000001,0.1227,0.1227,0.1227,0.1227
COST,2026-04-23,0.1183,100,1014.3800048828125,1570700.0,0.11620000000000001,0.12215,0.12215,0.12215,0.12215
COST,2026-04-23,0.112,100,1014.3800048828125,1570700.0,0.1141,0.12102222222222221,0.12102222222222221,0.12102222222222221,0.12102222222222221
COST,2026-04-24,0.1147,100,1011.1500244140625,1695200.0,0.11499999999999999,0.12039,0.12039,0.12039,0.12039
COST,2026-04-25,0.1435,100,1011.1500244140625,,0.1234,0.11677,0.12249090909090908,0.12249090909090908,0.12249090909090908
COST,2026-04-26,0.1386,100,1011.1500244140625,,0.13226666666666667,0.11778999999999999,0.12383333333333334,0.12383333333333334,0.12383333333333334
COST,2026-04-27,0.1313,100,998.010009765625,1620400.0,0.1378,0.12086999999999999,0.1244076923076923,0.1244076923076923,0.1244076923076923
COST,2026-04-28,0.1329,95,994.0,1776000.0,0.13426666666666667,0.12399,0.12501428571428572,0.12501428571428572,0.12501428571428572
COST,2026-04-29,0.1253,95,998.6699829101562,1508631.0,0.12983333333333333,0.12469,0.12503333333333333,0.12503333333333333,0.12503333333333333
COST,2026-04-30,0.1224,100,998.6699829101562,,0.12686666666666666,0.12510000000000002,0.12486875,0.12486875,0.12486875
CSCO,2026-04-20,0.1119,100,87.70999908447266,16695600.0,0.1119,0.1119,0.1119,0.1119,0.1119
CSCO,2026-04-21,0.0942,100,89.69999694824219,18653400.0,0.10305,0.10305,0.10305,0.10305,0.10305
CSCO,2026-04-22,0.1077,100,89.80000305175781,16986100.0,0.10460000000000001,0.10460000000000001,0.10460000000000001,0.10460000000000001,0.10460000000000001
CSCO,2026-04-23,0.0939,100,88.58999633789062,21156700.0,0.09860000000000001,0.101925,0.101925,0.101925,0.101925
CSCO,2026-04-23,0.0808,100,88.58999633789062,21156700.0,0.09413333333333333,0.0977,0.0977,0.0977,0.0977
CSCO,2026-04-23,0.084,100,88.58999633789062,21156700.0,0.08623333333333333,0.09541666666666666,0.09541666666666666,0.09541666666666666,0.09541666666666666
CSCO,2026-04-23,0.1064,100,88.58999633789062,21156700.0,0.0904,0.0969857142857143,0.0969857142857143,0.0969857142857143,0.0969857142857143
CSCO,2026-04-23,0.0796,100,88.58999633789062,21156700.0,0.09000000000000001,0.0948125,0.0948125,0.0948125,0.0948125
CSCO,2026-04-23,0.1064,100,88.58999633789062,21156700.0,0.09746666666666666,0.0961,0.0961,0.0961,0.0961
CSCO,2026-04-24,0.0979,100,89.01000213623047,18969900.0,0.09463333333333333,0.09628,0.09628,0.09628,0.09628
CSCO,2026-04-25,0.0751,100,89.01000213623047,,0.09313333333333333,0.0926,0.09435454545454545,0.09435454545454545,0.09435454545454545
CSCO,2026-04-26,0.0822,100,89.01000213623047,,0.08506666666666667,0.09140000000000001,0.09334166666666667,0.09334166666666667,0.09334166666666667
CSCO,2026-04-27,0.0999,100,88.26000213623047,13810500.0,0.08573333333333333,0.09062,0.09384615384615384,0.09384615384615384,0.09384615384615384
CSCO,2026-04-28,0.103,100,86.86000061035156,16889300.0,0.09503333333333334,0.09153,0.0945,0.0945,0.0945
CSCO,2026-04-29,0.082,100,89.56999969482422,15161210.0,0.09496666666666669,0.09165,0.09366666666666666,0.09366666666666666,0.09366666666666666
CSCO,2026-04-30,0.1142,100,89.56999969482422,,0.09973333333333334,0.09467,0.09495,0.09495,0.09495
CVX,2026-04-20,0.0407,100,183.25,9661100.0,0.0407,0.0407,0.0407,0.0407,0.0407
CVX,2026-04-21,0.0074,100,185.97999572753906,9799000.0,0.024050000000000002,0.024050000000000002,0.024050000000000002,0.024050000000000002,0.024050000000000002
CVX,2026-04-22,0.0228,100,186.32000732421875,8708300.0,0.023633333333333336,0.023633333333333336,0.023633333333333336,0.023633333333333336,0.023633333333333336
CVX,2026-04-23,-0.0068,100,187.60000610351562,6684700.0,0.0078000000000000005,0.016025,0.016025,0.016025,0.016025
CVX,2026-04-23,0.0415,100,187.60000610351562,6684700.0,0.01916666666666667,0.02112,0.02112,0.02112,0.02112
CVX,2026-04-23,0.0243,100,187.60000610351562,6684700.0,0.019666666666666666,0.021650000000000003,0.021650000000000003,0.021650000000000003,0.021650000000000003
CVX,2026-04-23,0.0415,100,187.60000610351562,6684700.0,0.03576666666666667,0.024485714285714284,0.024485714285714284,0.024485714285714284,0.024485714285714284
CVX,2026-04-23,0.0243,100,187.60000610351562,6684700.0,0.030033333333333332,0.0244625,0.0244625,0.0244625,0.0244625
CVX,2026-04-23,0.0415,100,187.60000610351562,6684700.0,0.03576666666666667,0.02635555555555556,0.02635555555555556,0.02635555555555556,0.02635555555555556
CVX,2026-04-24,0.0256,100,185.2100067138672,9626700.0,0.030466666666666666,0.026280000000000005,0.026280000000000005,0.026280000000000005,0.026280000000000005
CVX,2026-04-25,0.035,100,185.2100067138672,,0.03403333333333333,0.02571,0.027072727272727273,0.027072727272727273,0.027072727272727273
CVX,2026-04-26,0.0138,100,185.2100067138672,,0.0248,0.026350000000000002,0.025966666666666666,0.025966666666666666,0.025966666666666666
CVX,2026-04-27,0.01,100,184.77999877929688,10836600.0,0.019600000000000003,0.025070000000000002,0.02473846153846154,0.02473846153846154,0.02473846153846154
CVX,2026-04-28,0.0424,100,188.36000061035156,10754900.0,0.02206666666666667,0.02999,0.026,0.026,0.026
CVX,2026-04-29,0.0381,100,192.22000122070312,8594610.0,0.030166666666666665,0.02965,0.026806666666666666,0.026806666666666666,0.026806666666666666
CVX,2026-04-30,0.039,100,192.22000122070312,,0.03983333333333334,0.031120000000000002,0.02756875,0.02756875,0.02756875
GE,2026-04-20,0.0815,100,303.6000061035156,5315200.0,0.0815,0.0815,0.0815,0.0815,0.0815
GE,2026-04-21,0.0899,100,286.7300109863281,12891500.0,0.0857,0.0857,0.0857,0.0857,0.0857
GE,2026-04-22,0.0553,100,276.2900085449219,12777700.0,0.07556666666666667,0.07556666666666667,0.07556666666666667,0.07556666666666667,0.07556666666666667
GE,2026-04-23,0.0348,100,282.3399963378906,8591100.0,0.06,0.065375,0.065375,0.065375,0.065375
GE,2026-04-23,0.0646,100,282.3399963378906,8591100.0,0.05156666666666667,0.06522,0.06522,0.06522,0.06522
GE,2026-04-23,0.0619,100,282.3399963378906,8591100.0,0.053766666666666664,0.06466666666666666,0.06466666666666666,0.06466666666666666,0.06466666666666666
GE,2026-04-23,0.0646,100,282.3399963378906,8591100.0,0.06369999999999999,0.06465714285714286,0.06465714285714286,0.06465714285714286,0.06465714285714286
GE,2026-04-23,0.06,100,282.3399963378906,8591100.0,0.06216666666666667,0.064075,0.064075,0.064075,0.064075
GE,2026-04-23,0.0646,100,282.3399963378906,8591100.0,0.06306666666666667,0.06413333333333333,0.06413333333333333,0.06413333333333333,0.06413333333333333
GE,2026-04-24,0.0799,100,284.6000061035156,9672300.0,0.06816666666666667,0.06571,0.06571,0.06571,0.06571
GE,2026-04-25,0.0573,100,284.6000061035156,,0.06726666666666667,0.06329,0.06494545454545454,0.06494545454545454,0.06494545454545454
GE,2026-04-26,0.0793,100,284.6000061035156,,0.07216666666666666,0.062229999999999994,0.06614166666666667,0.06614166666666667,0.06614166666666667
GE,2026-04-27,0.1081,100,284.55999755859375,5213300.0,0.08156666666666666,0.06751,0.06936923076923077,0.06936923076923077,0.06936923076923077
GE,2026-04-28,0.0988,100,289.20001220703125,8417200.0,0.0954,0.07391,0.07147142857142856,0.07147142857142856,0.07147142857142856
GE,2026-04-29,0.0764,100,283.57000732421875,9793801.0,0.09443333333333333,0.07509,0.0718,0.0718,0.0718
GE,2026-04-30,0.0803,100,283.57000732421875,,0.08516666666666667,0.07693,0.07233125,0.07233125,0.07233125
GEV,2026-04-20,0.1165,100,990.1799926757812,1804900.0,0.1165,0.1165,0.1165,0.1165,0.1165
GEV,2026-04-21,0.1269,100,991.2999877929688,2111100.0,0.1217,0.1217,0.1217,0.1217,0.1217
GEV,2026-04-22,0.0883,100,1127.56005859375,4184700.0,0.11056666666666666,0.11056666666666666,0.11056666666666666,0.11056666666666666,0.11056666666666666
GEV,2026-04-23,0.1039,100,1149.530029296875,3073200.0,0.10636666666666668,0.1089,0.1089,0.1089,0.1089
GEV,2026-04-23,0.1184,100,1149.530029296875,3073200.0,0.10353333333333332,0.11080000000000001,0.11080000000000001,0.11080000000000001,0.11080000000000001
GEV,2026-04-23,0.1263,100,1149.530029296875,3073200.0,0.11620000000000001,0.11338333333333334,0.11338333333333334,0.11338333333333334,0.11338333333333334
GEV,2026-04-23,0.1184,100,1149.530029296875,3073200.0,0.12103333333333333,0.1141,0.1141,0.1141,0.1141
GEV,2026-04-23,0.1251,100,1149.530029296875,3073200.0,0.12326666666666668,0.115475,0.115475,0.115475,0.115475
GEV,2026-04-23,0.1184,100,1149.530029296875,3073200.0,0.12063333333333333,0.1158,0.1158,0.1158,0.1158
GEV,2026-04-24,0.1133,100,1149.18994140625,3633800.0,0.11893333333333334,0.11555,0.11555,0.11555,0.11555
GEV,2026-04-25,0.1439,100,1149.18994140625,,0.1252,0.11829,0.11812727272727272,0.11812727272727272,0.11812727272727272
GEV,2026-04-26,0.159,100,1149.18994140625,,0.13873333333333335,0.12149999999999998,0.12153333333333333,0.12153333333333333,0.12153333333333333
GEV,2026-04-27,0.1483,100,1120.22998046875,3845800.0,0.15039999999999998,0.1275,0.1235923076923077,0.1235923076923077,0.1235923076923077
GEV,2026-04-28,0.1448,100,1088.9300537109375,4206000.0,0.1507,0.13159,0.12510714285714286,0.12510714285714286,0.12510714285714286
GEV,2026-04-29,0.1282,100,1063.1099853515625,3700268.0,0.14043333333333333,0.13257,0.12531333333333333,0.12531333333333333,0.12531333333333333
GEV,2026-04-30,0.1246,100,1063.1099853515625,,0.13253333333333336,0.1324,0.12526875,0.12526875,0.12526875
GOOGL,2026-04-20,0.08,100,337.4200134277344,18784200.0,0.08,0.08,0.08,0.08,0.08
GOOGL,2026-04-21,0.0745,100,332.2900085449219,23123800.0,0.07725,0.07725,0.07725,0.07725,0.07725
GOOGL,2026-04-22,0.0658,100,339.32000732421875,20293000.0,0.07343333333333334,0.07343333333333334,0.07343333333333334,0.07343333333333334,0.07343333333333334
GOOGL,2026-04-23,0.095,100,338.8900146484375,18650300.0,0.07843333333333333,0.078825,0.078825,0.078825,0.078825
GOOGL,2026-04-23,0.1128,100,338.8900146484375,18650300.0,0.0912,0.08562,0.08562,0.08562,0.08562
GOOGL,2026-04-23,0.1039,100,338.8900146484375,18650300.0,0.10389999999999999,0.08866666666666667,0.08866666666666667,0.08866666666666667,0.08866666666666667
GOOGL,2026-04-23,0.1091,100,338.8900146484375,18650300.0,0.10859999999999999,0.09158571428571428,0.09158571428571428,0.09158571428571428,0.09158571428571428
GOOGL,2026-04-23,0.1039,100,338.8900146484375,18650300.0,0.10563333333333334,0.093125,0.093125,0.093125,0.093125
GOOGL,2026-04-23,0.1128,100,338.8900146484375,18650300.0,0.10859999999999999,0.09531111111111111,0.09531111111111111,0.09531111111111111,0.09531111111111111
GOOGL,2026-04-24,0.1051,100,344.3999938964844,26426100.0,0.10726666666666666,0.09629,0.09629,0.09629,0.09629
GOOGL,2026-04-25,0.0987,100,344.3999938964844,,0.10553333333333333,0.09816,0.09650909090909092,0.09650909090909092,0.09650909090909092
GOOGL,2026-04-26,0.0953,100,344.3999938964844,,0.0997,0.10024,0.09640833333333333,0.09640833333333333,0.09640833333333333
GOOGL,2026-04-27,0.0704,100,350.3399963378906,28576900.0,0.08813333333333333,0.10069999999999998,0.09440769230769232,0.09440769230769232,0.09440769230769232
GOOGL,2026-04-28,0.0431,100,349.7799987792969,27824100.0,0.0696,0.09551,0.09074285714285714,0.09074285714285714,0.09074285714285714
GOOGL,2026-04-29,0.05,100,349.94000244140625,29676925.0,0.0545,0.08923,0.08802666666666667,0.08802666666666667,0.08802666666666667
GOOGL,2026-04-30,0.0663,100,349.94000244140625,,0.05313333333333333,0.08547,0.08666875,0.08666875,0.08666875
GS,2026-04-20,0.1458,100,941.739990234375,2374300.0,0.1458,0.1458,0.1458,0.1458,0.1458
GS,2026-04-21,0.1423,100,926.5499877929688,1765400.0,0.14405,0.14405,0.14405,0.14405,0.14405
GS,2026-04-22,0.1297,100,934.8400268554688,1382600.0,0.13926666666666668,0.13926666666666668,0.13926666666666668,0.13926666666666668,0.13926666666666668
GS,2026-04-23,0.1143,100,931.2999877929688,1655000.0,0.12876666666666667,0.133025,0.133025,0.133025,0.133025
GS,2026-04-23,0.1188,100,931.2999877929688,1655000.0,0.12093333333333334,0.13018000000000002,0.13018000000000002,0.13018000000000002,0.13018000000000002
GS,2026-04-23,0.1188,100,931.2999877929688,1655000.0,0.1173,0.12828333333333333,0.12828333333333333,0.12828333333333333,0.12828333333333333
GS,2026-04-23,0.1188,100,931.2999877929688,1655000.0,0.1188,0.12692857142857145,0.12692857142857145,0.12692857142857145,0.12692857142857145
GS,2026-04-23,0.1188,100,931.2999877929688,1655000.0,0.1188,0.1259125,0.1259125,0.1259125,0.1259125
GS,2026-04-23,0.1188,100,931.2999877929688,1655000.0,0.1188,0.12512222222222225,0.12512222222222225,0.12512222222222225,0.12512222222222225
GS,2026-04-24,0.1204,100,926.9099731445312,1263300.0,0.11933333333333333,0.12465,0.12465,0.12465,0.12465
GS,2026-04-25,0.106,100,926.9099731445312,,0.11506666666666665,0.12067000000000001,0.12295454545454546,0.12295454545454546,0.12295454545454546
GS,2026-04-26,0.0833,100,926.9099731445312,,0.10323333333333333,0.11477,0.11964999999999999,0.11964999999999999,0.11964999999999999
GS,2026-04-27,0.1039,100,937.8099975585938,1223000.0,0.09773333333333334,0.11219000000000001,0.11843846153846155,0.11843846153846155,0.11843846153846155
GS,2026-04-28,0.0994,100,926.5499877929688,1501600.0,0.09553333333333335,0.11069999999999999,0.11707857142857143,0.11707857142857143,0.11707857142857143
GS,2026-04-29,0.0991,100,905.5999755859375,1720605.0,0.1008,0.10873,0.11588,0.11588,0.11588
GS,2026-04-30,0.0885,100,905.5999755859375,,0.09566666666666666,0.10569999999999999,0.11416875,0.11416875,0.11416875
HD,2026-04-20,0.1082,100,350.989990234375,3260900.0,0.1082,0.1082,0.1082,0.1082,0.1082
HD,2026-04-21,0.089,100,343.9200134277344,3081000.0,0.0986,0.0986,0.0986,0.0986,0.0986
HD,2026-04-22,0.0626,100,339.5,2855800.0,0.08660000000000001,0.08660000000000001,0.08660000000000001,0.08660000000000001,0.08660000000000001
HD,2026-04-23,0.0554,100,340.1600036621094,2712400.0,0.06899999999999999,0.0788,0.0788,0.0788,0.0788
HD,2026-04-23,0.1102,100,340.1600036621094,2712400.0,0.07606666666666667,0.08508,0.08508,0.08508,0.08508
HD,2026-04-23,0.1102,100,340.1600036621094,2712400.0,0.09193333333333335,0.08926666666666666,0.08926666666666666,0.08926666666666666,0.08926666666666666
HD,2026-04-23,0.1102,100,340.1600036621094,2712400.0,0.1102,0.09225714285714286,0.09225714285714286,0.09225714285714286,0.09225714285714286
HD,2026-04-23,0.1102,100,340.1600036621094,2712400.0,0.1102,0.0945,0.0945,0.0945,0.0945
HD,2026-04-23,0.1102,100,340.1600036621094,2712400.0,0.1102,0.09624444444444445,0.09624444444444445,0.09624444444444445,0.09624444444444445
HD,2026-04-24,0.0774,100,335.8900146484375,3255900.0,0.09926666666666667,0.09436,0.09436,0.09436,0.09436
HD,2026-04-25,0.0712,100,335.8900146484375,,0.08626666666666666,0.09066,0.09225454545454545,0.09225454545454545,0.09225454545454545
HD,2026-04-26,0.0735,100,335.8900146484375,,0.07403333333333333,0.08911,0.09069166666666667,0.09069166666666667,0.09069166666666667
HD,2026-04-27,0.0801,100,332.29998779296875,3282900.0,0.07493333333333334,0.09086,0.08987692307692309,0.08987692307692309,0.08987692307692309
HD,2026-04-28,0.082,100,329.05999755859375,4279300.0,0.07853333333333333,0.09352,0.08931428571428571,0.08931428571428571,0.08931428571428571
HD,2026-04-29,0.0936,100,322.80999755859375,4091463.0,0.08523333333333333,0.09186000000000001,0.0896,0.0896,0.0896
HD,2026-04-30,0.0963,100,322.80999755859375,,0.09063333333333333,0.09047000000000001,0.09001875000000001,0.09001875000000001,0.09001875000000001
INTC,2026-04-20,0.1219,100,65.69999694824219,96851100.0,0.1219,0.1219,0.1219,0.1219,0.1219
INTC,2026-04-21,0.1045,96,66.26000213623047,91402300.0,0.1132,0.1132,0.1132,0.1132,0.1132
INTC,2026-04-22,0.096,102,65.2699966430664,90267300.0,0.10746666666666667,0.10746666666666667,0.10746666666666667,0.10746666666666667,0.10746666666666667
INTC,2026-04-23,0.0774,102,66.77999877929688,155141800.0,0.09263333333333333,0.09995,0.09995,0.09995,0.09995
INTC,2026-04-23,0.1281,92,66.77999877929688,155141800.0,0.10049999999999999,0.10558000000000001,0.10558000000000001,0.10558000000000001,0.10558000000000001
INTC,2026-04-23,0.1264,92,66.77999877929688,155141800.0,0.11063333333333332,0.10905,0.10905,0.10905,0.10905
INTC,2026-04-23,0.1264,92,66.77999877929688,155141800.0,0.12696666666666667,0.11152857142857142,0.11152857142857142,0.11152857142857142,0.11152857142857142
INTC,2026-04-23,0.1295,92,66.77999877929688,155141800.0,0.12743333333333332,0.113775,0.113775,0.113775,0.113775
INTC,2026-04-23,0.1296,92,66.77999877929688,155141800.0,0.12850000000000003,0.11553333333333334,0.11553333333333334,0.11553333333333334,0.11553333333333334
INTC,2026-04-24,0.1228,92,82.54000091552734,281405200.0,0.1273,0.11626,0.11626,0.11626,0.11626
INTC,2026-04-25,0.0925,100,82.54000091552734,,0.11496666666666666,0.11332000000000002,0.11410000000000001,0.11410000000000001,0.11410000000000001
INTC,2026-04-26,0.1668,92,82.54000091552734,,0.12736666666666666,0.11955,0.11849166666666666,0.11849166666666666,0.11849166666666666
INTC,2026-04-27,0.1594,100,84.98999786376953,178820200.0,0.13956666666666664,0.12589,0.12163846153846153,0.12163846153846153,0.12163846153846153
INTC,2026-04-28,0.0604,100,84.5199966430664,147773500.0,0.12886666666666666,0.12419,0.11726428571428571,0.11726428571428571,0.11726428571428571
INTC,2026-04-29,0.0552,100,94.75,226686173.0,0.09166666666666667,0.1169,0.11312666666666667,0.11312666666666667,0.11312666666666667
INTC,2026-04-30,0.0288,100,94.75,,0.04813333333333334,0.10714000000000001,0.10785625,0.10785625,0.10785625
JNJ,2026-04-20,0.1713,100,230.69000244140625,7810500.0,0.1713,0.1713,0.1713,0.1713,0.1713
JNJ,2026-04-21,0.1299,100,226.16000366210938,11681200.0,0.1506,0.1506,0.1506,0.1506,0.1506
JNJ,2026-04-22,0.1565,100,226.10000610351562,9003400.0,0.15256666666666666,0.15256666666666666,0.15256666666666666,0.15256666666666666,0.15256666666666666
JNJ,2026-04-23,0.1473,100,230.64999389648438,7097600.0,0.14456666666666665,0.15125,0.15125,0.15125,0.15125
JNJ,2026-04-23,0.1409,100,230.64999389648438,7097600.0,0.14823333333333333,0.14918,0.14918,0.14918,0.14918
JNJ,2026-04-23,0.135,100,230.64999389648438,7097600.0,0.14106666666666667,0.14681666666666668,0.14681666666666668,0.14681666666666668,0.14681666666666668
JNJ,2026-04-23,0.1409,100,230.64999389648438,7097600.0,0.13893333333333333,0.14597142857142859,0.14597142857142859,0.14597142857142859,0.14597142857142859
JNJ,2026-04-23,0.1512,100,230.64999389648438,7097600.0,0.14236666666666667,0.146625,0.146625,0.146625,0.146625
JNJ,2026-04-23,0.1464,100,230.64999389648438,7097600.0,0.14616666666666667,0.14659999999999998,0.14659999999999998,0.14659999999999998,0.14659999999999998
JNJ,2026-04-24,0.1652,100,227.5,6067500.0,0.15426666666666666,0.14845999999999998,0.14845999999999998,0.14845999999999998,0.14845999999999998
JNJ,2026-04-25,0.1573,100,227.5,,0.1563,0.14706,0.14926363636363635,0.14926363636363635,0.14926363636363635
JNJ,2026-04-26,0.1361,100,227.5,,0.15286666666666668,0.14768,0.14816666666666667,0.14816666666666667,0.14816666666666667
JNJ,2026-04-27,0.1254,100,225.33999633789062,7897800.0,0.13960000000000003,0.14457,0.14641538461538461,0.14641538461538461,0.14641538461538461
JNJ,2026-04-28,0.1693,100,227.7899932861328,7179800.0,0.14360000000000003,0.14677,0.14805000000000001,0.14805000000000001,0.14805000000000001
JNJ,2026-04-29,0.1456,100,227.35000610351562,6884458.0,0.14676666666666668,0.14723999999999998,0.14788666666666667,0.14788666666666667,0.14788666666666667
JNJ,2026-04-30,0.1436,100,227.35000610351562,,0.15283333333333335,0.1481,0.14761875,0.14761875,0.14761875
JPM,2026-04-20,0.0998,100,316.989990234375,10772000.0,0.0998,0.0998,0.0998,0.0998,0.0998
JPM,2026-04-21,0.0883,100,313.0,7084300.0,0.09405,0.09405,0.09405,0.09405,0.09405
JPM,2026-04-22,0.0694,100,313.0199890136719,5545900.0,0.08583333333333333,0.08583333333333333,0.08583333333333333,0.08583333333333333,0.08583333333333333
JPM,2026-04-23,0.0675,100,311.69000244140625,6969700.0,0.07506666666666667,0.08125,0.08125,0.08125,0.08125
JPM,2026-04-23,0.104,100,311.69000244140625,6969700.0,0.0803,0.0858,0.0858,0.0858,0.0858
JPM,2026-04-23,0.1079,100,311.69000244140625,6969700.0,0.09313333333333333,0.08948333333333335,0.08948333333333335,0.08948333333333335,0.08948333333333335
JPM,2026-04-23,0.104,100,311.69000244140625,6969700.0,0.10529999999999999,0.09155714285714286,0.09155714285714286,0.09155714285714286,0.09155714285714286
JPM,2026-04-23,0.1079,100,311.69000244140625,6969700.0,0.10659999999999999,0.0936,0.0936,0.0936,0.0936
JPM,2026-04-23,0.104,100,311.69000244140625,6969700.0,0.1053,0.09475555555555555,0.09475555555555555,0.09475555555555555,0.09475555555555555
JPM,2026-04-24,0.1062,100,308.2799987792969,5215300.0,0.10603333333333333,0.0959,0.0959,0.0959,0.0959
JPM,2026-04-25,0.0753,100,308.2799987792969,,0.09516666666666666,0.09345,0.09402727272727272,0.09402727272727272,0.09402727272727272
JPM,2026-04-26,0.0711,100,308.2799987792969,,0.08420000000000001,0.09173,0.09211666666666667,0.09211666666666667,0.09211666666666667
JPM,2026-04-27,0.0523,100,311.6300048828125,7925300.0,0.06623333333333332,0.09002,0.08905384615384615,0.08905384615384615,0.08905384615384615
JPM,2026-04-28,0.0597,100,311.45001220703125,7398600.0,0.06103333333333333,0.08924000000000001,0.08695714285714286,0.08695714285714286,0.08695714285714286
JPM,2026-04-29,0.0529,100,309.25,7857299.0,0.054966666666666664,0.08413,0.08468666666666666,0.08468666666666666,0.08468666666666666
JPM,2026-04-30,0.0631,100,309.25,,0.05856666666666668,0.07965,0.0833375,0.0833375,0.0833375
KO,2026-04-20,0.1379,100,75.4800033569336,10141800.0,0.1379,0.1379,0.1379,0.1379,0.1379
KO,2026-04-21,0.145,100,74.69999694824219,11806900.0,0.14145,0.14145,0.14145,0.14145,0.14145
KO,2026-04-22,0.1235,91,74.62999725341797,9352300.0,0.13546666666666665,0.13546666666666665,0.13546666666666665,0.13546666666666665,0.13546666666666665
KO,2026-04-23,0.1295,95,76.27999877929688,12060300.0,0.13266666666666665,0.133975,0.133975,0.133975,0.133975
KO,2026-04-23,0.1515,92,76.27999877929688,12060300.0,0.13483333333333333,0.13748,0.13748,0.13748,0.13748
KO,2026-04-23,0.1062,89,76.27999877929688,12060300.0,0.12906666666666666,0.13226666666666667,0.13226666666666667,0.13226666666666667,0.13226666666666667
KO,2026-04-23,0.1125,91,76.27999877929688,12060300.0,0.1234,0.12944285714285714,0.12944285714285714,0.12944285714285714,0.12944285714285714
KO,2026-04-23,0.1125,91,76.27999877929688,12060300.0,0.1104,0.127325,0.127325,0.127325,0.127325
KO,2026-04-23,0.1125,91,76.27999877929688,12060300.0,0.1125,0.12567777777777778,0.12567777777777778,0.12567777777777778,0.12567777777777778
KO,2026-04-24,0.1548,93,76.62999725341797,12008700.0,0.12660000000000002,0.12859,0.12859,0.12859,0.12859
KO,2026-04-25,0.1498,95,76.62999725341797,,0.13903333333333334,0.12978,0.1305181818181818,0.1305181818181818,0.1305181818181818
KO,2026-04-26,0.1251,87,76.62999725341797,,0.14323333333333332,0.12779000000000001,0.13006666666666666,0.13006666666666666,0.13006666666666666
KO,2026-04-27,0.1099,100,75.44000244140625,15812200.0,0.12826666666666667,0.12643,0.12851538461538461,0.12851538461538461,0.12851538461538461
KO,2026-04-28,0.1192,100,78.3499984741211,30710700.0,0.11806666666666665,0.1254,0.12785,0.12785,0.12785
KO,2026-04-29,0.1542,100,78.87000274658203,12379310.0,0.12776666666666667,0.12567,0.12960666666666668,0.12960666666666668,0.12960666666666668
KO,2026-04-30,0.1538,100,78.87000274658203,,0.1424,0.13043,0.13111875,0.13111875,0.13111875
LLY,2026-04-20,0.0735,100,919.9000244140625,1926300.0,0.0735,0.0735,0.0735,0.0735,0.0735
LLY,2026-04-21,0.0874,100,903.02001953125,4062800.0,0.08045,0.08045,0.08045,0.08045,0.08045
LLY,2026-04-22,0.0863,100,921.47998046875,2623800.0,0.0824,0.0824,0.0824,0.0824,0.0824
LLY,2026-04-23,0.0755,100,917.6500244140625,2149200.0,0.08306666666666668,0.080675,0.080675,0.080675,0.080675
LLY,2026-04-23,0.1084,100,917.6500244140625,2149200.0,0.09006666666666667,0.08621999999999999,0.08621999999999999,0.08621999999999999,0.08621999999999999
LLY,2026-04-23,0.1017,100,917.6500244140625,2149200.0,0.09519999999999999,0.08879999999999999,0.08879999999999999,0.08879999999999999,0.08879999999999999
LLY,2026-04-23,0.1084,100,917.6500244140625,2149200.0,0.10616666666666667,0.0916,0.0916,0.0916,0.0916
LLY,2026-04-23,0.1017,100,917.6500244140625,2149200.0,0.10393333333333332,0.0928625,0.0928625,0.0928625,0.0928625
LLY,2026-04-23,0.1001,100,917.6500244140625,2149200.0,0.10339999999999999,0.09366666666666666,0.09366666666666666,0.09366666666666666,0.09366666666666666
LLY,2026-04-24,0.0981,100,883.9600219726562,4463700.0,0.09996666666666666,0.09411,0.09411,0.09411,0.09411
LLY,2026-04-25,0.066,100,883.9600219726562,,0.08806666666666667,0.09336,0.09155454545454544,0.09155454545454544,0.09155454545454544
LLY,2026-04-26,0.0467,100,883.9600219726562,,0.07026666666666667,0.08929,0.08781666666666667,0.08781666666666667,0.08781666666666667
LLY,2026-04-27,0.0646,100,868.27001953125,2700300.0,0.05910000000000001,0.08712,0.08603076923076923,0.08603076923076923,0.08603076923076923
LLY,2026-04-28,0.0732,100,874.0,2561300.0,0.0615,0.08689,0.08511428571428571,0.08511428571428571,0.08511428571428571
LLY,2026-04-29,0.0681,100,851.2100219726562,3292614.0,0.06863333333333334,0.08286,0.08398,0.08398,0.08398
LLY,2026-04-30,0.056,100,851.2100219726562,,0.06576666666666667,0.07829,0.08223125,0.08223125,0.08223125
LRCX,2026-04-20,0.1512,100,263.1600036621094,5989900.0,0.1512,0.1512,0.1512,0.1512,0.1512
LRCX,2026-04-21,0.1552,100,258.3699951171875,7830300.0,0.1532,0.1532,0.1532,0.1532,0.1532
LRCX,2026-04-22,0.1364,100,265.54998779296875,9803300.0,0.14759999999999998,0.14759999999999998,0.14759999999999998,0.14759999999999998,0.14759999999999998
LRCX,2026-04-23,0.131,100,258.55999755859375,12269100.0,0.14086666666666667,0.14345,0.14345,0.14345,0.14345
LRCX,2026-04-23,0.1733,100,258.55999755859375,12269100.0,0.1469,0.14942,0.14942,0.14942,0.14942
LRCX,2026-04-23,0.1619,100,258.55999755859375,12269100.0,0.1554,0.1515,0.1515,0.1515,0.1515
LRCX,2026-04-23,0.1733,100,258.55999755859375,12269100.0,0.1695,0.15461428571428573,0.15461428571428573,0.15461428571428573,0.15461428571428573
LRCX,2026-04-23,0.1619,100,258.55999755859375,12269100.0,0.1657,0.155525,0.155525,0.155525,0.155525
LRCX,2026-04-23,0.1733,100,258.55999755859375,12269100.0,0.16949999999999998,0.1575,0.1575,0.1575,0.1575
LRCX,2026-04-24,0.1566,100,267.7799987792969,12313200.0,0.16393333333333332,0.15741,0.15741,0.15741,0.15741
LRCX,2026-04-25,0.152,100,267.7799987792969,,0.16063333333333332,0.15749,0.15691818181818182,0.15691818181818182,0.15691818181818182
LRCX,2026-04-26,0.1683,100,267.7799987792969,,0.15896666666666667,0.1588,0.15786666666666668,0.15786666666666668,0.15786666666666668
LRCX,2026-04-27,0.1828,100,259.4700012207031,8095400.0,0.1677,0.16343999999999997,0.15978461538461539,0.15978461538461539,0.15978461538461539
LRCX,2026-04-28,0.1735,100,251.22999572753906,11499500.0,0.17486666666666664,0.16768999999999998,0.16076428571428572,0.16076428571428572,0.16076428571428572
LRCX,2026-04-29,0.1762,100,248.75,9541600.0,0.1775,0.16798,0.16179333333333332,0.16179333333333332,0.16179333333333332
LRCX,2026-04-30,0.154,100,248.75,,0.16790000000000002,0.16719,0.16130624999999998,0.16130624999999998,0.16130624999999998
MA,2026-04-20,0.093,91,516.6500244140625,2503500.0,0.093,0.093,0.093,0.093,0.093
MA,2026-04-21,0.1125,85,511.3500061035156,3444900.0,0.10275000000000001,0.10275000000000001,0.10275000000000001,0.10275000000000001,0.10275000000000001
MA,2026-04-22,0.1203,82,510.1600036621094,2288500.0,0.10859999999999999,0.10859999999999999,0.10859999999999999,0.10859999999999999,0.10859999999999999
MA,2026-04-23,0.1,85,502.3800048828125,2724000.0,0.11093333333333333,0.10645,0.10645,0.10645,0.10645
MA,2026-04-23,0.1158,91,502.3800048828125,2724000.0,0.11203333333333333,0.10832,0.10832,0.10832,0.10832
MA,2026-04-23,0.1158,91,502.3800048828125,2724000.0,0.11053333333333333,0.10956666666666666,0.10956666666666666,0.10956666666666666,0.10956666666666666
MA,2026-04-23,0.1158,91,502.3800048828125,2724000.0,0.1158,0.11045714285714285,0.11045714285714285,0.11045714285714285,0.11045714285714285
MA,2026-04-23,0.085,79,502.3800048828125,2724000.0,0.10553333333333333,0.10727500000000001,0.10727500000000001,0.10727500000000001,0.10727500000000001
MA,2026-04-23,0.1158,91,502.3800048828125,2724000.0,0.10553333333333333,0.10822222222222222,0.10822222222222222,0.10822222222222222,0.10822222222222222
MA,2026-04-24,0.1,76,504.1700134277344,2406900.0,0.10026666666666667,0.10740000000000001,0.10740000000000001,0.10740000000000001,0.10740000000000001
MA,2026-04-25,0.0789,82,504.1700134277344,,0.09823333333333334,0.10599,0.10480909090909091,0.10480909090909091,0.10480909090909091
MA,2026-04-26,0.1193,94,504.1700134277344,,0.0994,0.10667,0.10601666666666666,0.10601666666666666,0.10601666666666666
MA,2026-04-27,0.0948,90,506.42999267578125,2531300.0,0.09766666666666668,0.10412000000000002,0.10515384615384615,0.10515384615384615,0.10515384615384615
MA,2026-04-28,0.1123,100,507.6199951171875,3892500.0,0.1088,0.10534999999999999,0.10566428571428572,0.10566428571428572,0.10566428571428572
MA,2026-04-29,0.1109,97,525.22998046875,5866444.0,0.106,0.10486,0.10601333333333333,0.10601333333333333,0.10601333333333333
MA,2026-04-30,0.1163,100,525.22998046875,,0.11316666666666668,0.10491000000000002,0.10665625000000001,0.10665625000000001,0.10665625000000001
MRK,2026-04-20,0.1176,100,117.0999984741211,7392000.0,0.1176,0.1176,0.1176,0.1176,0.1176
MRK,2026-04-21,0.0794,100,112.55999755859375,12769500.0,0.0985,0.0985,0.0985,0.0985,0.0985
MRK,2026-04-22,0.0496,100,112.88999938964844,8037500.0,0.0822,0.0822,0.0822,0.0822,0.0822
MRK,2026-04-23,0.0909,100,114.62000274658203,6826300.0,0.0733,0.084375,0.084375,0.084375,0.084375
MRK,2026-04-23,0.0878,100,114.62000274658203,6826300.0,0.0761,0.08506,0.08506,0.08506,0.08506
MRK,2026-04-23,0.1054,100,114.62000274658203,6826300.0,0.0947,0.08844999999999999,0.08844999999999999,0.08844999999999999,0.08844999999999999
MRK,2026-04-23,0.0959,100,114.62000274658203,6826300.0,0.09636666666666667,0.08951428571428573,0.08951428571428573,0.08951428571428573,0.08951428571428573
MRK,2026-04-23,0.0725,100,114.62000274658203,6826300.0,0.09126666666666666,0.08738749999999999,0.08738749999999999,0.08738749999999999,0.08738749999999999
MRK,2026-04-23,0.0959,100,114.62000274658203,6826300.0,0.0881,0.08833333333333332,0.08833333333333332,0.08833333333333332,0.08833333333333332
MRK,2026-04-24,0.0857,100,111.9000015258789,7060000.0,0.0847,0.08807000000000001,0.08807000000000001,0.08807000000000001,0.08807000000000001
MRK,2026-04-25,0.112,100,111.9000015258789,,0.09786666666666666,0.08751,0.09024545454545455,0.09024545454545455,0.09024545454545455
MRK,2026-04-26,0.1335,100,111.9000015258789,,0.1104,0.09292,0.09384999999999999,0.09384999999999999,0.09384999999999999
MRK,2026-04-27,0.1182,100,110.2300033569336,9133600.0,0.12123333333333335,0.09978,0.09572307692307692,0.09572307692307692,0.09572307692307692
MRK,2026-04-28,0.1243,100,110.02999877929688,7157600.0,0.12533333333333332,0.10311999999999999,0.09776428571428572,0.09776428571428572,0.09776428571428572
MRK,2026-04-29,0.1166,100,110.94999694824219,9762707.0,0.11969999999999999,0.10600000000000001,0.09902000000000001,0.09902000000000001,0.09902000000000001
MRK,2026-04-30,0.1233,100,110.94999694824219,,0.1214,0.10779000000000001,0.1005375,0.1005375,0.1005375
MS,2026-04-20,0.1156,92,190.6999969482422,4905200.0,0.1156,0.1156,0.1156,0.1156,0.1156
MS,2026-04-21,0.1215,80,189.30999755859375,5154900.0,0.11854999999999999,0.11854999999999999,0.11854999999999999,0.11854999999999999,0.11854999999999999
MS,2026-04-22,0.1137,71,191.0500030517578,4492100.0,0.11693333333333333,0.11693333333333333,0.11693333333333333,0.11693333333333333,0.11693333333333333
MS,2026-04-23,0.0897,74,188.64999389648438,3814400.0,0.10830000000000001,0.110125,0.110125,0.110125,0.110125
MS,2026-04-23,0.0611,75,188.64999389648438,3814400.0,0.08816666666666667,0.10032,0.10032,0.10032,0.10032
MS,2026-04-23,0.055,79,188.64999389648438,3814400.0,0.0686,0.09276666666666666,0.09276666666666666,0.09276666666666666,0.09276666666666666
MS,2026-04-23,0.0611,75,188.64999389648438,3814400.0,0.05906666666666666,0.08824285714285715,0.08824285714285715,0.08824285714285715,0.08824285714285715
MS,2026-04-23,0.0611,75,188.64999389648438,3814400.0,0.05906666666666666,0.08485,0.08485,0.08485,0.08485
MS,2026-04-23,0.0611,75,188.64999389648438,3814400.0,0.0611,0.08221111111111111,0.08221111111111111,0.08221111111111111,0.08221111111111111
MS,2026-04-24,0.0355,75,188.07000732421875,4530600.0,0.05256666666666667,0.07754,0.07754,0.07754,0.07754
MS,2026-04-25,0.0336,81,188.07000732421875,,0.0434,0.06933999999999998,0.07354545454545454,0.07354545454545454,0.07354545454545454
MS,2026-04-26,0.0307,68,188.07000732421875,,0.03326666666666666,0.06026,0.069975,0.069975,0.069975
MS,2026-04-27,0.0537,70,190.17999267578125,4163600.0,0.03933333333333333,0.054259999999999996,0.06872307692307691,0.06872307692307691,0.06872307692307691
MS,2026-04-28,0.0302,72,190.36000061035156,4107100.0,0.038200000000000005,0.04831,0.06597142857142857,0.06597142857142857,0.06597142857142857
MS,2026-04-29,0.0607,71,187.0800018310547,5100734.0,0.0482,0.04827,0.06562,0.06562,0.06562
MS,2026-04-30,0.0492,69,187.0800018310547,,0.0467,0.047689999999999996,0.06459375,0.06459375,0.06459375
MSFT,2026-04-18,0.0989,100,,,0.0989,0.0989,0.0989,0.0989,0.0989
MSFT,2026-04-19,0.1131,100,,,0.10600000000000001,0.10600000000000001,0.10600000000000001,0.10600000000000001,0.10600000000000001
MSFT,2026-04-20,0.1279,100,418.07000732421875,27582200.0,0.11330000000000001,0.11330000000000001,0.11330000000000001,0.11330000000000001,0.11330000000000001
MSFT,2026-04-21,0.1311,100,424.1600036621094,32048500.0,0.12403333333333334,0.11775000000000001,0.11775000000000001,0.11775000000000001,0.11775000000000001
MSFT,2026-04-22,0.102,100,432.9200134277344,29378200.0,0.12033333333333333,0.11460000000000001,0.11460000000000001,0.11460000000000001,0.11460000000000001
MSFT,2026-04-23,0.1274,100,415.75,38308000.0,0.12016666666666666,0.11673333333333334,0.11673333333333334,0.11673333333333334,0.11673333333333334
MSFT,2026-04-23,0.0826,100,415.75,38308000.0,0.104,0.11185714285714286,0.11185714285714286,0.11185714285714286,0.11185714285714286
MSFT,2026-04-23,0.11,100,415.75,38308000.0,0.10666666666666667,0.111625,0.111625,0.111625,0.111625
MSFT,2026-04-23,0.0826,100,415.75,38308000.0,0.09173333333333333,0.1084,0.1084,0.1084,0.1084
MSFT,2026-04-23,0.11,100,415.75,38308000.0,0.10086666666666666,0.10856000000000002,0.10856000000000002,0.10856000000000002,0.10856000000000002
MSFT,2026-04-23,0.0826,100,415.75,38308000.0,0.09173333333333333,0.10693000000000001,0.10620000000000002,0.10620000000000002,0.10620000000000002
MSFT,2026-04-24,0.0826,100,424.6199951171875,27457400.0,0.09173333333333333,0.10388000000000001,0.10423333333333334,0.10423333333333334,0.10423333333333334
MSFT,2026-04-25,0.0556,100,424.6199951171875,,0.0736,0.09664999999999999,0.10049230769230769,0.10049230769230769,0.10049230769230769
MSFT,2026-04-26,0.0653,102,424.6199951171875,,0.06783333333333334,0.09007,0.09797857142857144,0.09797857142857144,0.09797857142857144
MSFT,2026-04-27,0.0389,100,424.82000732421875,30867300.0,0.053266666666666664,0.08376,0.09404,0.09404,0.09404
MSFT,2026-04-28,0.1089,100,429.25,30438100.0,0.07103333333333334,0.08191000000000001,0.09496875,0.09496875,0.09496875
MSFT,2026-04-29,0.1146,100,424.4599914550781,31217392.0,0.08746666666666665,0.08510999999999999,0.09612352941176472,0.09612352941176472,0.09612352941176472
MSFT,2026-04-30,0.0455,92,424.4599914550781,,0.08966666666666667,0.07866,0.09331111111111111,0.09331111111111111,0.09331111111111111
MU,2026-04-20,-0.0323,100,448.4200134277344,32013600.0,-0.0323,-0.0323,-0.0323,-0.0323,-0.0323
MU,2026-04-21,-0.0485,100,449.3800048828125,27734000.0,-0.040400000000000005,-0.040400000000000005,-0.040400000000000005,-0.040400000000000005,-0.040400000000000005
MU,2026-04-22,-0.045,100,487.4800109863281,45998100.0,-0.04193333333333333,-0.04193333333333333,-0.04193333333333333,-0.04193333333333333,-0.04193333333333333
MU,2026-04-23,-0.0254,100,481.7200012207031,38178000.0,-0.03963333333333333,-0.0378,-0.0378,-0.0378,-0.0378
MU,2026-04-23,-0.0557,100,481.7200012207031,38178000.0,-0.04203333333333333,-0.04138,-0.04138,-0.04138,-0.04138
MU,2026-04-23,-0.0874,100,481.7200012207031,38178000.0,-0.05616666666666667,-0.04905,-0.04905,-0.04905,-0.04905
MU,2026-04-23,-0.0557,100,481.7200012207031,38178000.0,-0.06626666666666667,-0.049999999999999996,-0.049999999999999996,-0.049999999999999996,-0.049999999999999996
MU,2026-04-23,-0.0633,100,481.7200012207031,38178000.0,-0.0688,-0.0516625,-0.0516625,-0.0516625,-0.0516625
MU,2026-04-23,-0.0557,100,481.7200012207031,38178000.0,-0.05823333333333333,-0.05211111111111111,-0.05211111111111111,-0.05211111111111111,-0.05211111111111111
MU,2026-04-24,-0.0654,100,496.7200012207031,35379600.0,-0.06146666666666667,-0.05344,-0.05344,-0.05344,-0.05344
MU,2026-04-25,-0.0718,93,496.7200012207031,,-0.06430000000000001,-0.05739,-0.055109090909090906,-0.055109090909090906,-0.055109090909090906
MU,2026-04-26,-0.0541,100,496.7200012207031,,-0.06376666666666667,-0.05795,-0.055025,-0.055025,-0.055025
MU,2026-04-27,-0.0734,100,524.5599975585938,41298800.0,-0.06643333333333334,-0.06079,-0.05643846153846154,-0.05643846153846154,-0.05643846153846154
MU,2026-04-28,-0.0397,100,504.2900085449219,44816600.0,-0.055733333333333336,-0.06222,-0.05524285714285714,-0.05524285714285714,-0.05524285714285714
MU,2026-04-29,0.0252,92,518.4600219726562,35354365.0,-0.029300000000000007,-0.05413,-0.04988,-0.04988,-0.04988
MU,2026-04-30,0.0185,91,518.4600219726562,,0.0013333333333333333,-0.04354,-0.04560625,-0.04560625,-0.04560625
NFLX,2026-04-20,0.0084,92,94.83000183105469,63298300.0,0.0084,0.0084,0.0084,0.0084,0.0084
NFLX,2026-04-21,-0.0434,100,92.58000183105469,61962300.0,-0.0175,-0.0175,-0.0175,-0.0175,-0.0175
NFLX,2026-04-22,-0.0529,100,93.23999786376953,33694300.0,-0.029300000000000003,-0.029300000000000003,-0.029300000000000003,-0.029300000000000003,-0.029300000000000003
NFLX,2026-04-23,-0.0618,100,92.81999969482422,36851700.0,-0.052700000000000004,-0.037425,-0.037425,-0.037425,-0.037425
NFLX,2026-04-23,0.0142,100,92.81999969482422,36851700.0,-0.0335,-0.027100000000000003,-0.027100000000000003,-0.027100000000000003,-0.027100000000000003
NFLX,2026-04-23,0.0113,100,92.81999969482422,36851700.0,-0.0121,-0.0207,-0.0207,-0.0207,-0.0207
NFLX,2026-04-23,0.0142,100,92.81999969482422,36851700.0,0.013233333333333333,-0.015714285714285715,-0.015714285714285715,-0.015714285714285715,-0.015714285714285715
NFLX,2026-04-23,-0.0023,100,92.81999969482422,36851700.0,0.0077333333333333325,-0.014037500000000001,-0.014037500000000001,-0.014037500000000001,-0.014037500000000001
NFLX,2026-04-23,-0.0152,100,92.81999969482422,36851700.0,-0.0010999999999999996,-0.014166666666666668,-0.014166666666666668,-0.014166666666666668,-0.014166666666666668
NFLX,2026-04-24,0.0035,100,92.44000244140625,32553200.0,-0.004666666666666667,-0.0124,-0.0124,-0.0124,-0.0124
NFLX,2026-04-25,0.0362,100,92.44000244140625,,0.008166666666666668,-0.00962,-0.007981818181818182,-0.007981818181818182,-0.007981818181818182
NFLX,2026-04-26,0.0439,100,92.44000244140625,,0.027866666666666668,-0.0008899999999999998,-0.0036583333333333333,-0.0036583333333333333,-0.0036583333333333333
NFLX,2026-04-27,0.0529,100,91.37000274658203,29707400.0,0.044333333333333336,0.00969,0.0006923076923076924,0.0006923076923076924,0.0006923076923076924
NFLX,2026-04-28,0.0242,100,92.2699966430664,33418100.0,0.04033333333333333,0.01829,0.0023714285714285716,0.0023714285714285716,0.0023714285714285716
NFLX,2026-04-29,-0.0196,100,92.12000274658203,25539487.0,0.01916666666666667,0.014910000000000001,0.0009066666666666667,0.0009066666666666667,0.0009066666666666667
NFLX,2026-04-30,-0.0505,100,92.12000274658203,,-0.015300000000000001,0.00873,-0.00230625,-0.00230625,-0.00230625
NVDA,2026-04-20,0.0669,100,202.05999755859375,119381400.0,0.0669,0.0669,0.0669,0.0669,0.0669
NVDA,2026-04-21,0.0254,100,199.8800048828125,107945300.0,0.04615,0.04615,0.04615,0.04615,0.04615
NVDA,2026-04-22,0.0477,102,202.5,107501000.0,0.04666666666666667,0.04666666666666667,0.04666666666666667,0.04666666666666667,0.04666666666666667
NVDA,2026-04-23,-0.0055,100,199.63999938964844,113561800.0,0.022533333333333332,0.033625,0.033625,0.033625,0.033625
NVDA,2026-04-23,0.0564,102,199.63999938964844,113561800.0,0.03286666666666666,0.038180000000000006,0.038180000000000006,0.038180000000000006,0.038180000000000006
NVDA,2026-04-23,0.0394,102,199.63999938964844,113561800.0,0.0301,0.03838333333333333,0.03838333333333333,0.03838333333333333,0.03838333333333333
NVDA,2026-04-23,0.0564,102,199.63999938964844,113561800.0,0.05073333333333333,0.04095714285714286,0.04095714285714286,0.04095714285714286,0.04095714285714286
NVDA,2026-04-23,0.0394,102,199.63999938964844,113561800.0,0.045066666666666665,0.0407625,0.0407625,0.0407625,0.0407625
NVDA,2026-04-23,0.0564,102,199.63999938964844,113561800.0,0.05073333333333333,0.0425,0.0425,0.0425,0.0425
NVDA,2026-04-24,0.0534,102,208.27000427246094,214134400.0,0.04973333333333333,0.043590000000000004,0.043590000000000004,0.043590000000000004,0.043590000000000004
NVDA,2026-04-25,0.0118,92,208.27000427246094,,0.04053333333333334,0.038079999999999996,0.0407,0.0407,0.0407
NVDA,2026-04-26,0.048,92,208.27000427246094,,0.037733333333333334,0.04034,0.04130833333333333,0.04130833333333333,0.04130833333333333
NVDA,2026-04-27,0.0722,100,216.61000061035156,187172400.0,0.044000000000000004,0.042789999999999995,0.043684615384615384,0.043684615384615384,0.043684615384615384
NVDA,2026-04-28,0.0208,100,213.1699981689453,180275400.0,0.04700000000000001,0.04542,0.04205,0.04205,0.04205
NVDA,2026-04-29,-0.0129,100,209.25,114136225.0,0.026700000000000005,0.038489999999999996,0.038386666666666666,0.038386666666666666,0.038386666666666666
NVDA,2026-04-30,0.0685,100,209.25,,0.02546666666666667,0.0414,0.04026875,0.04026875,0.04026875
ORCL,2026-04-20,0.0842,100,177.5800018310547,22330900.0,0.0842,0.0842,0.0842,0.0842,0.0842
ORCL,2026-04-21,0.1084,100,181.1699981689453,39638000.0,0.0963,0.0963,0.0963,0.0963,0.0963
ORCL,2026-04-22,-0.0011,100,187.5,32448800.0,0.06383333333333334,0.06383333333333334,0.06383333333333334,0.06383333333333334,0.06383333333333334
ORCL,2026-04-23,0.0337,100,176.27999877929688,37084200.0,0.04700000000000001,0.0563,0.0563,0.0563,0.0563
ORCL,2026-04-23,0.0336,100,176.27999877929688,37084200.0,0.02206666666666667,0.051759999999999994,0.051759999999999994,0.051759999999999994,0.051759999999999994
ORCL,2026-04-23,-0.0061,100,176.27999877929688,37084200.0,0.0204,0.04211666666666666,0.04211666666666666,0.04211666666666666,0.04211666666666666
ORCL,2026-04-23,0.0336,100,176.27999877929688,37084200.0,0.020366666666666665,0.0409,0.0409,0.0409,0.0409
ORCL,2026-04-23,0.0097,100,176.27999877929688,37084200.0,0.0124,0.037,0.037,0.037,0.037
ORCL,2026-04-23,0.0336,100,176.27999877929688,37084200.0,0.02563333333333333,0.03662222222222222,0.03662222222222222,0.03662222222222222,0.03662222222222222
ORCL,2026-04-24,-0.0078,100,173.27999877929688,33215000.0,0.011833333333333333,0.03218,0.03218,0.03218,0.03218
ORCL,2026-04-25,0.0083,100,173.27999877929688,,0.011366666666666666,0.02459,0.03000909090909091,0.03000909090909091,0.03000909090909091
ORCL,2026-04-26,0.0414,100,173.27999877929688,,0.013966666666666667,0.01789,0.030958333333333334,0.030958333333333334,0.030958333333333334
ORCL,2026-04-27,0.1035,100,172.9600067138672,21616600.0,0.05106666666666667,0.028349999999999997,0.036538461538461534,0.036538461538461534,0.036538461538461534
ORCL,2026-04-28,0.0361,100,165.9600067138672,33716500.0,0.06033333333333333,0.028589999999999997,0.036507142857142856,0.036507142857142856,0.036507142857142856
ORCL,2026-04-29,-0.0262,100,163.8300018310547,20178126.0,0.0378,0.022609999999999998,0.03232666666666666,0.03232666666666666,0.03232666666666666
ORCL,2026-04-30,0.0114,100,163.8300018310547,,0.007099999999999995,0.02436,0.031018749999999998,0.031018749999999998,0.031018749999999998
PG,2026-04-20,0.0985,100,143.41012573242188,8084700.0,0.0985,0.0985,0.0985,0.0985,0.0985
PG,2026-04-21,0.0782,100,141.25634765625,11197200.0,0.08835000000000001,0.08835000000000001,0.08835000000000001,0.08835000000000001,0.08835000000000001
PG,2026-04-22,0.0576,100,141.78237915039062,7236300.0,0.0781,0.0781,0.0781,0.0781,0.0781
PG,2026-04-23,0.0451,100,144.62100219726562,11288800.0,0.0603,0.06985,0.06985,0.06985,0.06985
PG,2026-04-23,0.0661,100,144.62100219726562,11288800.0,0.056266666666666666,0.06910000000000001,0.06910000000000001,0.06910000000000001,0.06910000000000001
PG,2026-04-23,0.0672,100,144.62100219726562,11288800.0,0.05946666666666667,0.06878333333333334,0.06878333333333334,0.06878333333333334,0.06878333333333334
PG,2026-04-23,0.0711,100,144.62100219726562,11288800.0,0.06813333333333334,0.06911428571428571,0.06911428571428571,0.06911428571428571,0.06911428571428571
PG,2026-04-23,0.0698,100,144.62100219726562,11288800.0,0.06936666666666666,0.0692,0.0692,0.0692,0.0692
PG,2026-04-23,0.0711,100,144.62100219726562,11288800.0,0.07066666666666667,0.06941111111111112,0.06941111111111112,0.06941111111111112,0.06941111111111112
PG,2026-04-24,0.0679,100,148.17999267578125,13786200.0,0.0696,0.06926,0.06926,0.06926,0.06926
PG,2026-04-25,0.0648,100,148.17999267578125,,0.06793333333333333,0.06588999999999999,0.06885454545454545,0.06885454545454545,0.06885454545454545
PG,2026-04-26,0.0676,100,148.17999267578125,,0.06676666666666665,0.06483,0.06874999999999999,0.06874999999999999,0.06874999999999999
PG,2026-04-27,0.0522,100,148.39999389648438,9166400.0,0.06153333333333333,0.06429,0.06747692307692307,0.06747692307692307,0.06747692307692307
PG,2026-04-28,0.0762,100,149.1699981689453,7965700.0,0.06533333333333334,0.0674,0.06810000000000001,0.06810000000000001,0.06810000000000001
PG,2026-04-29,0.0394,100,146.4600067138672,8536461.0,0.055933333333333335,0.06473,0.06618666666666667,0.06618666666666667,0.06618666666666667
PG,2026-04-30,0.0417,100,146.4600067138672,,0.05243333333333333,0.06218,0.06465625,0.06465625,0.06465625
PLTR,2026-04-20,0.038,100,145.88999938964844,33482700.0,0.038,0.038,0.038,0.038,0.038
PLTR,2026-04-21,0.0286,100,145.97000122070312,44830000.0,0.033299999999999996,0.033299999999999996,0.033299999999999996,0.033299999999999996,0.033299999999999996
PLTR,2026-04-22,0.0225,100,152.6199951171875,43701500.0,0.0297,0.0297,0.0297,0.0297,0.0297
PLTR,2026-04-23,0.0681,100,141.57000732421875,58654400.0,0.039733333333333336,0.0393,0.0393,0.0393,0.0393
PLTR,2026-04-23,0.0375,100,141.57000732421875,58654400.0,0.042699999999999995,0.038939999999999995,0.038939999999999995,0.038939999999999995,0.038939999999999995
PLTR,2026-04-23,0.0358,100,141.57000732421875,58654400.0,0.04713333333333333,0.03841666666666666,0.03841666666666666,0.03841666666666666,0.03841666666666666
PLTR,2026-04-23,0.0375,100,141.57000732421875,58654400.0,0.03693333333333334,0.03828571428571429,0.03828571428571429,0.03828571428571429,0.03828571428571429
PLTR,2026-04-23,0.0422,100,141.57000732421875,58654400.0,0.0385,0.038775,0.038775,0.038775,0.038775
PLTR,2026-04-23,0.0599,100,141.57000732421875,58654400.0,0.04653333333333334,0.04112222222222222,0.04112222222222222,0.04112222222222222,0.04112222222222222
PLTR,2026-04-24,0.0577,100,143.08999633789062,38677200.0,0.05326666666666668,0.04278,0.04278,0.04278,0.04278
PLTR,2026-04-25,0.0612,100,143.08999633789062,,0.05960000000000001,0.0451,0.044454545454545455,0.044454545454545455,0.044454545454545455
PLTR,2026-04-26,0.0567,100,143.08999633789062,,0.05853333333333333,0.047909999999999994,0.045474999999999995,0.045474999999999995,0.045474999999999995
PLTR,2026-04-27,0.0702,100,143.10000610351562,31275400.0,0.06269999999999999,0.05267999999999999,0.04737692307692308,0.04737692307692308,0.04737692307692308
PLTR,2026-04-28,0.0008,100,141.17999267578125,24757200.0,0.042566666666666676,0.04595,0.04405,0.04405,0.04405
PLTR,2026-04-29,-0.0171,100,137.97000122070312,32062834.0,0.01796666666666667,0.04049,0.03997333333333333,0.03997333333333333,0.03997333333333333
PLTR,2026-04-30,-0.0456,100,137.97000122070312,,-0.02063333333333333,0.032350000000000004,0.034624999999999996,0.034624999999999996,0.034624999999999996
RTX,2026-04-20,0.0865,100,195.7899932861328,4988200.0,0.0865,0.0865,0.0865,0.0865,0.0865
RTX,2026-04-21,0.0973,100,187.1699981689453,7489900.0,0.0919,0.0919,0.0919,0.0919,0.0919
RTX,2026-04-22,0.0848,100,180.91000366210938,8513900.0,0.08953333333333334,0.08953333333333334,0.08953333333333334,0.08953333333333334,0.08953333333333334
RTX,2026-04-23,0.0695,100,179.3000030517578,6289400.0,0.08386666666666666,0.084525,0.084525,0.084525,0.084525
RTX,2026-04-23,0.0849,100,179.3000030517578,6289400.0,0.07973333333333334,0.0846,0.0846,0.0846,0.0846
RTX,2026-04-23,0.0917,100,179.3000030517578,6289400.0,0.08203333333333335,0.08578333333333334,0.08578333333333334,0.08578333333333334,0.08578333333333334
RTX,2026-04-23,0.0849,100,179.3000030517578,6289400.0,0.08716666666666667,0.08565714285714286,0.08565714285714286,0.08565714285714286,0.08565714285714286
RTX,2026-04-23,0.0808,100,179.3000030517578,6289400.0,0.08579999999999999,0.08505,0.08505,0.08505,0.08505
RTX,2026-04-23,0.0915,100,179.3000030517578,6289400.0,0.08573333333333333,0.08576666666666667,0.08576666666666667,0.08576666666666667,0.08576666666666667
RTX,2026-04-24,0.085,100,174.25999450683594,10505100.0,0.08576666666666667,0.08569,0.08569,0.08569,0.08569
RTX,2026-04-25,0.0954,100,174.25999450683594,,0.09063333333333334,0.08658,0.08657272727272727,0.08657272727272727,0.08657272727272727
RTX,2026-04-26,0.0847,100,174.25999450683594,,0.08836666666666666,0.08532000000000001,0.08641666666666666,0.08641666666666666,0.08641666666666666
RTX,2026-04-27,0.113,100,173.3800048828125,6511700.0,0.0977,0.08814000000000001,0.08846153846153845,0.08846153846153845,0.08846153846153845
RTX,2026-04-28,0.1119,100,175.67999267578125,6115800.0,0.1032,0.09238,0.09013571428571429,0.09013571428571429,0.09013571428571429
RTX,2026-04-29,0.1312,100,172.7899932861328,4848311.0,0.11870000000000001,0.09701,0.09287333333333334,0.09287333333333334,0.09287333333333334
RTX,2026-04-30,0.1067,100,172.7899932861328,,0.11660000000000002,0.09851,0.0937375,0.0937375,0.0937375
TSLA,2026-04-18,0.0177,100,,,0.0177,0.0177,0.0177,0.0177,0.0177
TSLA,2026-04-19,0.0378,100,,,0.02775,0.02775,0.02775,0.02775,0.02775
TSLA,2026-04-20,-0.0168,100,392.5,64603900.0,0.0129,0.0129,0.0129,0.0129,0.0129
TSLA,2026-04-21,-0.0119,100,386.4200134277344,50530600.0,0.0030333333333333336,0.0067,0.0067,0.0067,0.0067
TSLA,2026-04-22,-0.003,100,387.510009765625,62362800.0,-0.010566666666666667,0.00476,0.00476,0.00476,0.00476
TSLA,2026-04-23,-0.0352,100,373.7200012207031,93969500.0,-0.016700000000000003,-0.0019,-0.0019,-0.0019,-0.0019
TSLA,2026-04-23,-0.0728,100,373.7200012207031,93969500.0,-0.037000000000000005,-0.012028571428571428,-0.012028571428571428,-0.012028571428571428,-0.012028571428571428
TSLA,2026-04-23,-0.0227,100,373.7200012207031,93969500.0,-0.04356666666666667,-0.0133625,-0.0133625,-0.0133625,-0.0133625
TSLA,2026-04-23,-0.0675,100,373.7200012207031,93969500.0,-0.05433333333333334,-0.01937777777777778,-0.01937777777777778,-0.01937777777777778,-0.01937777777777778
TSLA,2026-04-23,-0.0227,100,373.7200012207031,93969500.0,-0.03763333333333333,-0.01971,-0.01971,-0.01971,-0.01971
TSLA,2026-04-23,-0.0255,100,373.7200012207031,93969500.0,-0.038566666666666666,-0.02403,-0.020236363636363636,-0.020236363636363636,-0.020236363636363636
TSLA,2026-04-24,-0.0071,100,376.29998779296875,62893300.0,-0.018433333333333333,-0.02852,-0.019141666666666664,-0.019141666666666664,-0.019141666666666664
TSLA,2026-04-25,0.0015,100,376.29998779296875,,-0.010366666666666668,-0.02669,-0.017553846153846153,-0.017553846153846153,-0.017553846153846153
TSLA,2026-04-26,-0.0228,100,376.29998779296875,,-0.009466666666666667,-0.027780000000000006,-0.01792857142857143,-0.01792857142857143,-0.01792857142857143
TSLA,2026-04-27,-0.0243,100,378.6700134277344,66735800.0,-0.0152,-0.029910000000000003,-0.018353333333333333,-0.018353333333333333,-0.018353333333333333
TSLA,2026-04-28,-0.0244,100,376.0199890136719,50864400.0,-0.023833333333333335,-0.02883,-0.01873125,-0.01873125,-0.01873125
TSLA,2026-04-29,0.0013,100,372.79998779296875,43212673.0,-0.015799999999999998,-0.02142,-0.017552941176470587,-0.017552941176470587,-0.017552941176470587
TSLA,2026-04-30,0.01,100,372.79998779296875,,-0.004366666666666667,-0.01815,-0.016022222222222222,-0.016022222222222222,-0.016022222222222222
UNH,2026-04-20,0.0223,100,323.4800109863281,9050600.0,0.0223,0.0223,0.0223,0.0223,0.0223
UNH,2026-04-21,0.0951,100,346.010009765625,26097300.0,0.0587,0.0587,0.0587,0.0587,0.0587
UNH,2026-04-22,0.1032,92,353.5199890136719,11807300.0,0.07353333333333334,0.07353333333333334,0.07353333333333334,0.07353333333333334,0.07353333333333334
UNH,2026-04-23,0.1385,102,354.55999755859375,7255800.0,0.11226666666666668,0.08977500000000001,0.08977500000000001,0.08977500000000001,0.08977500000000001
UNH,2026-04-23,0.1728,100,354.55999755859375,7255800.0,0.1381666666666667,0.10638,0.10638,0.10638,0.10638
UNH,2026-04-23,0.1306,100,354.55999755859375,7255800.0,0.14730000000000001,0.11041666666666668,0.11041666666666668,0.11041666666666668,0.11041666666666668
UNH,2026-04-23,0.1347,100,354.55999755859375,7255800.0,0.14603333333333332,0.11388571428571428,0.11388571428571428,0.11388571428571428,0.11388571428571428
UNH,2026-04-23,0.1519,100,354.55999755859375,7255800.0,0.13906666666666667,0.1186375,0.1186375,0.1186375,0.1186375
UNH,2026-04-23,0.1746,100,354.55999755859375,7255800.0,0.15373333333333333,0.12485555555555555,0.12485555555555555,0.12485555555555555,0.12485555555555555
UNH,2026-04-24,0.1713,100,354.9200134277344,8554600.0,0.16593333333333335,0.1295,0.1295,0.1295,0.1295
UNH,2026-04-25,0.1231,100,354.9200134277344,,0.15633333333333332,0.13958,0.12891818181818182,0.12891818181818182,0.12891818181818182
UNH,2026-04-26,0.1618,100,354.9200134277344,,0.15206666666666666,0.14625000000000002,0.13165833333333335,0.13165833333333335,0.13165833333333335
UNH,2026-04-27,0.174,100,354.69000244140625,7256100.0,0.15296666666666667,0.15333000000000002,0.1349153846153846,0.1349153846153846,0.1349153846153846
UNH,2026-04-28,0.0981,100,366.7699890136719,10604100.0,0.14463333333333334,0.14929,0.13228571428571428,0.13228571428571428,0.13228571428571428
UNH,2026-04-29,0.1412,100,370.739990234375,7064010.0,0.13776666666666668,0.14613,0.13288,0.13288,0.13288
UNH,2026-04-30,0.1383,100,370.739990234375,,0.12586666666666668,0.14689999999999998,0.13321875,0.13321875,0.13321875
V,2026-04-20,0.0448,39,313.94000244140625,5506800.0,0.0448,0.0448,0.0448,0.0448,0.0448
V,2026-04-21,0.0059,43,309.94000244140625,6806900.0,0.02535,0.02535,0.02535,0.02535,0.02535
V,2026-04-22,0.0395,44,311.2900085449219,5666600.0,0.03006666666666667,0.03006666666666667,0.03006666666666667,0.03006666666666667,0.03006666666666667
V,2026-04-23,0.0478,48,308.8800048828125,7275000.0,0.03106666666666667,0.0345,0.0345,0.0345,0.0345
V,2026-04-23,0.0459,50,308.8800048828125,7275000.0,0.0444,0.03678,0.03678,0.03678,0.03678
V,2026-04-23,0.0488,47,308.8800048828125,7275000.0,0.04750000000000001,0.038783333333333336,0.038783333333333336,0.038783333333333336,0.038783333333333336
V,2026-04-23,0.0459,50,308.8800048828125,7275000.0,0.04686666666666667,0.0398,0.0398,0.0398,0.0398
V,2026-04-23,0.0478,48,308.8800048828125,7275000.0,0.04750000000000001,0.0408,0.0408,0.0408,0.0408
V,2026-04-23,0.0459,50,308.8800048828125,7275000.0,0.046533333333333336,0.04136666666666667,0.04136666666666667,0.04136666666666667,0.04136666666666667
V,2026-04-24,0.0731,47,309.4200134277344,5616900.0,0.055600000000000004,0.04454,0.04454,0.04454,0.04454
V,2026-04-25,0.0506,50,309.4200134277344,,0.05653333333333333,0.04512,0.04509090909090909,0.04509090909090909,0.04509090909090909
V,2026-04-26,0.0426,45,309.4200134277344,,0.055433333333333334,0.04879,0.04488333333333333,0.04488333333333333,0.04488333333333333
V,2026-04-27,0.0436,44,309.6499938964844,6261500.0,0.0456,0.0492,0.04478461538461539,0.04478461538461539,0.04478461538461539
V,2026-04-28,0.0503,48,309.29998779296875,8839900.0,0.04549999999999999,0.04945,0.045178571428571436,0.045178571428571436,0.045178571428571436
V,2026-04-29,0.1287,49,334.8599853515625,16641544.0,0.0742,0.057730000000000004,0.05074666666666667,0.05074666666666667,0.05074666666666667
V,2026-04-30,0.0758,73,334.8599853515625,,0.08493333333333335,0.060430000000000005,0.0523125,0.0523125,0.0523125
WMT,2026-04-20,0.1096,100,127.91999816894531,18933600.0,0.1096,0.1096,0.1096,0.1096,0.1096
WMT,2026-04-21,0.094,100,129.60000610351562,17312400.0,0.1018,0.1018,0.1018,0.1018,0.1018
WMT,2026-04-22,0.1026,100,129.97999572753906,17624500.0,0.10206666666666668,0.10206666666666668,0.10206666666666668,0.10206666666666668,0.10206666666666668
WMT,2026-04-23,0.0837,100,132.02999877929688,16376000.0,0.09343333333333333,0.097475,0.097475,0.097475,0.097475
WMT,2026-04-23,0.1302,100,132.02999877929688,16376000.0,0.1055,0.10402,0.10402,0.10402,0.10402
WMT,2026-04-23,0.0714,100,132.02999877929688,16376000.0,0.0951,0.09858333333333334,0.09858333333333334,0.09858333333333334,0.09858333333333334
WMT,2026-04-23,0.1302,100,132.02999877929688,16376000.0,0.11060000000000002,0.1031,0.1031,0.1031,0.1031
WMT,2026-04-23,0.0714,100,132.02999877929688,16376000.0,0.09100000000000001,0.0991375,0.0991375,0.0991375,0.0991375
WMT,2026-04-23,0.1304,100,132.02999877929688,16376000.0,0.11066666666666668,0.10261111111111111,0.10261111111111111,0.10261111111111111,0.10261111111111111
WMT,2026-04-24,0.0669,100,129.9199981689453,16016300.0,0.08956666666666668,0.09903999999999999,0.09903999999999999,0.09903999999999999,0.09903999999999999
WMT,2026-04-25,0.0816,100,129.9199981689453,,0.09296666666666668,0.09623999999999999,0.09745454545454546,0.09745454545454546,0.09745454545454546
WMT,2026-04-26,0.0585,100,129.9199981689453,,0.06900000000000002,0.09269,0.09420833333333334,0.09420833333333334,0.09420833333333334
WMT,2026-04-27,0.0787,100,127.58999633789062,17029500.0,0.07293333333333335,0.0903,0.09301538461538462,0.09301538461538462,0.09301538461538462
WMT,2026-04-28,0.0639,100,127.58999633789062,16341800.0,0.06703333333333335,0.08832,0.09093571428571427,0.09093571428571427,0.09093571428571427
WMT,2026-04-29,0.067,100,128.00999450683594,16477714.0,0.06986666666666669,0.08199999999999999,0.08934,0.08934,0.08934
WMT,2026-04-30,0.111,100,128.00999450683594,,0.08063333333333335,0.08596,0.09069375,0.09069375,0.09069375
XOM,2026-04-18,0.0783,100,,,0.0783,0.0783,0.0783,0.0783,0.0783
XOM,2026-04-19,0.0758,100,,,0.07705000000000001,0.07705000000000001,0.07705000000000001,0.07705000000000001,0.07705000000000001
XOM,2026-04-20,0.0868,100,147.67999267578125,16354400.0,0.0803,0.0803,0.0803,0.0803,0.0803
XOM,2026-04-21,0.0521,100,148.36000061035156,17515900.0,0.07156666666666668,0.07325,0.07325,0.07325,0.07325
XOM,2026-04-22,0.0572,100,149.5,13738700.0,0.06536666666666667,0.07004,0.07004,0.07004,0.07004
XOM,2026-04-23,0.0693,100,150.52999877929688,12970400.0,0.059533333333333334,0.06991666666666667,0.06991666666666667,0.06991666666666667,0.06991666666666667
XOM,2026-04-23,0.1144,100,150.52999877929688,12970400.0,0.0803,0.07627142857142857,0.07627142857142857,0.07627142857142857,0.07627142857142857
XOM,2026-04-23,0.0932,100,150.52999877929688,12970400.0,0.09230000000000001,0.0783875,0.0783875,0.0783875,0.0783875
XOM,2026-04-23,0.1144,100,150.52999877929688,12970400.0,0.10733333333333334,0.0823888888888889,0.0823888888888889,0.0823888888888889,0.0823888888888889
XOM,2026-04-23,0.1236,100,150.52999877929688,12970400.0,0.1104,0.08651,0.08651,0.08651,0.08651
XOM,2026-04-23,0.1144,100,150.52999877929688,12970400.0,0.11746666666666666,0.09012,0.08904545454545455,0.08904545454545455,0.08904545454545455
XOM,2026-04-24,0.0893,100,148.91000366210938,13735900.0,0.10910000000000002,0.09147000000000001,0.08906666666666667,0.08906666666666667,0.08906666666666667
XOM,2026-04-25,0.0829,100,148.91000366210938,,0.09553333333333335,0.09108000000000001,0.08859230769230769,0.08859230769230769,0.08859230769230769
XOM,2026-04-26,0.1045,100,148.91000366210938,,0.09223333333333333,0.09631999999999999,0.08972857142857142,0.08972857142857142,0.08972857142857142
XOM,2026-04-27,0.1001,100,148.19000244140625,13940800.0,0.09583333333333333,0.10061,0.09042,0.09042,0.09042
XOM,2026-04-28,0.1105,100,150.55999755859375,15173600.0,0.10503333333333333,0.10473000000000002,0.091675,0.091675,0.091675
XOM,2026-04-29,0.1099,100,154.6699981689453,14616787.0,0.10683333333333334,0.10428,0.0927470588235294,0.0927470588235294,0.0927470588235294
XOM,2026-04-30,0.1302,100,154.6699981689453,,0.11686666666666667,0.10798,0.09482777777777779,0.09482777777777779,0.09482777777777779
